pair_id,layer,hybrid_recovery,attention_sufficiency,attention_necessity,MLP_effect_P10,MLP_effect_P02
city_Paris_into_Tokyo,0,0.9879518072289156,0.0,0.0,0.0,-0.3855421686746988
city_Paris_into_Tokyo,1,0.9879518072289156,0.0,0.0,0.0,0.0
city_Paris_into_Tokyo,2,0.9879518072289156,-0.012048192771084338,0.0,0.0,0.0
city_Paris_into_Tokyo,3,0.9879518072289156,0.0,0.0,0.0,0.0
city_Paris_into_Tokyo,4,0.9879518072289156,0.0,0.0,0.024096385542168676,0.0
city_Paris_into_Tokyo,5,0.9879518072289156,0.0,-0.012048192771084376,0.0,0.0
city_Paris_into_Tokyo,6,0.9879518072289156,-0.012048192771084338,0.0,0.012048192771084338,0.0
city_Paris_into_Tokyo,7,0.9879518072289156,0.0,0.0,-0.012048192771084338,-0.012048192771084265
city_Paris_into_Tokyo,8,0.9879518072289156,-0.012048192771084338,0.012048192771084265,0.0,0.0
city_Paris_into_Tokyo,9,0.9879518072289156,0.012048192771084338,0.0,0.0,-0.012048192771084376
city_Paris_into_Tokyo,10,0.9879518072289156,0.0,0.0,0.012048192771084338,-0.02409638554216864
city_Paris_into_Tokyo,11,0.9879518072289156,0.0,0.0,0.0,-0.03614457831325302
city_Paris_into_Tokyo,12,0.9879518072289156,0.0,0.0,-0.012048192771084338,-0.012048192771084376
city_Paris_into_Tokyo,13,0.9879518072289156,-0.024096385542168676,0.0,0.0,0.0
city_Paris_into_Tokyo,14,0.9879518072289156,0.0,0.0,-0.012048192771084338,-0.012048192771084376
city_Paris_into_Tokyo,15,0.9879518072289156,0.0,0.0,-0.012048192771084338,0.02409638554216864
city_Paris_into_Tokyo,16,0.9879518072289156,-0.012048192771084338,-0.012048192771084376,-0.024096385542168672,0.012048192771084376
city_Paris_into_Tokyo,17,0.9879518072289156,-0.012048192771084338,0.0,0.012048192771084338,0.0
city_Paris_into_Tokyo,18,0.9879518072289156,0.0,0.0,-0.012048192771084338,0.02409638554216864
city_Paris_into_Tokyo,19,0.9879518072289156,-0.012048192771084338,0.0,0.0,0.0
city_Paris_into_Tokyo,20,0.9879518072289156,-0.012048192771084338,-0.012048192771084376,0.024096385542168676,0.0
city_Paris_into_Tokyo,21,0.9879518072289156,-0.012048192771084338,0.0,-0.012048192771084335,0.0
city_Paris_into_Tokyo,22,0.9879518072289156,0.0,0.0,-0.012048192771084335,0.012048192771084376
city_Paris_into_Tokyo,23,0.9879518072289156,0.07228915662650602,0.02409638554216864,-0.012048192771084348,0.048192771084337394
city_Paris_into_Tokyo,24,0.9879518072289156,0.3614457831325301,0.253012048192771,-0.03614457831325302,0.01204819277108432
city_Paris_into_Tokyo,25,0.9879518072289156,0.0,-0.012048192771084376,-0.04819277108433728,-0.01204819277108432
city_Paris_into_Tokyo,26,0.9879518072289156,0.1566265060240964,0.07228915662650603,-0.012048192771084265,0.0
city_Paris_into_Tokyo,27,0.9879518072289156,0.03614457831325301,0.02409638554216864,0.09638554216867479,0.0
city_Paris_into_Tokyo,28,0.9879518072289156,-0.012048192771084338,-0.012048192771084376,0.02409638554216864,-0.01204819277108432
city_Paris_into_Tokyo,29,0.9879518072289156,0.012048192771084338,0.0,0.06024096385542166,-0.012048192771084348
city_Paris_into_Tokyo,30,0.9879518072289156,0.024096385542168676,0.02409638554216864,0.03614457831325302,-0.024096385542168697
city_Paris_into_Tokyo,31,0.9879518072289156,0.0963855421686747,0.12048192771084332,-0.012048192771084376,-0.012048192771084335
city_Paris_into_Tokyo,32,0.9879518072289156,-0.012048192771084338,0.0,-0.012048192771084376,-0.012048192771084335
city_Paris_into_Tokyo,33,0.9879518072289156,0.0,-0.012048192771084376,0.04819277108433728,-0.012048192771084335
city_Paris_into_Tokyo,34,0.9879518072289156,0.08433734939759036,0.07228915662650603,0.2168674698795181,0.0
city_Paris_into_Tokyo,35,0.9879518072289156,0.0963855421686747,0.0843373493975903,-0.03765060240963869,0.0
city_Tokyo_into_Paris,0,1.0120481927710843,0.0,0.0,-0.012048192771084338,-0.21686746987951808
city_Tokyo_into_Paris,1,1.0120481927710843,0.012048192771084338,0.0,0.0,0.012048192771084265
city_Tokyo_into_Paris,2,1.0120481927710843,0.012048192771084338,0.0,-0.012048192771084338,0.0
city_Tokyo_into_Paris,3,1.0120481927710843,0.012048192771084338,0.0,0.0,-0.012048192771084265
city_Tokyo_into_Paris,4,1.0120481927710843,0.012048192771084338,0.012048192771084265,0.012048192771084338,0.02409638554216864
city_Tokyo_into_Paris,5,1.0120481927710843,0.012048192771084338,0.0,0.0,-0.04819277108433728
city_Tokyo_into_Paris,6,1.0120481927710843,0.012048192771084338,0.0,-0.012048192771084338,0.02409638554216864
city_Tokyo_into_Paris,7,1.0120481927710843,0.012048192771084338,0.0,-0.012048192771084338,0.02409638554216864
city_Tokyo_into_Paris,8,1.0120481927710843,0.012048192771084338,0.0,-0.012048192771084338,0.06024096385542166
city_Tokyo_into_Paris,9,1.0120481927710843,0.012048192771084338,0.012048192771084265,0.0,0.012048192771084265
city_Tokyo_into_Paris,10,1.0120481927710843,0.012048192771084338,0.012048192771084265,0.012048192771084338,0.024096385542168752
city_Tokyo_into_Paris,11,1.0120481927710843,0.012048192771084338,0.012048192771084265,-0.024096385542168676,-0.02409638554216864
city_Tokyo_into_Paris,12,1.0120481927710843,0.024096385542168676,0.0,-0.012048192771084341,0.07228915662650603
city_Tokyo_into_Paris,13,1.0120481927710843,0.012048192771084338,-0.012048192771084487,0.012048192771084335,0.06024096385542166
city_Tokyo_into_Paris,14,1.0120481927710843,0.012048192771084338,0.0,-0.024096385542168676,0.0
city_Tokyo_into_Paris,15,1.0120481927710843,0.012048192771084338,0.012048192771084265,-0.012048192771084341,0.012048192771084376
city_Tokyo_into_Paris,16,1.0120481927710843,0.012048192771084338,0.012048192771084265,-0.024096385542168676,0.02409638554216864
city_Tokyo_into_Paris,17,1.0120481927710843,0.012048192771084338,0.0,-0.012048192771084335,-0.012048192771084265
city_Tokyo_into_Paris,18,1.0120481927710843,0.012048192771084338,-0.012048192771084487,-0.012048192771084335,0.012048192771084265
city_Tokyo_into_Paris,19,1.0120481927710843,0.012048192771084338,0.0,0.024096385542168676,0.012048192771084265
city_Tokyo_into_Paris,20,1.0120481927710843,0.0,0.0,0.0,0.0
city_Tokyo_into_Paris,21,1.0120481927710843,0.0,0.0,-0.02409638554216867,0.024096385542168752
city_Tokyo_into_Paris,22,1.0120481927710843,0.024096385542168676,0.012048192771084265,0.0,0.03614457831325302
city_Tokyo_into_Paris,23,1.0120481927710843,0.03614457831325301,0.07228915662650592,0.0,0.06024096385542166
city_Tokyo_into_Paris,24,1.0120481927710843,0.26506024096385544,0.36144578313253006,-0.03614457831325302,0.0
city_Tokyo_into_Paris,25,1.0120481927710843,0.012048192771084338,-0.012048192771084487,0.0,-0.012048192771084348
city_Tokyo_into_Paris,26,1.0120481927710843,0.0963855421686747,0.18072289156626498,0.012048192771084376,0.012048192771084335
city_Tokyo_into_Paris,27,1.0120481927710843,0.03614457831325301,0.04819277108433728,-0.012048192771084376,0.0
city_Tokyo_into_Paris,28,1.0120481927710843,0.0,0.0,0.02409638554216864,-0.012048192771084335
city_Tokyo_into_Paris,29,1.0120481927710843,0.0,0.012048192771084265,0.04819277108433728,0.0
city_Tokyo_into_Paris,30,1.0120481927710843,0.024096385542168676,0.012048192771084265,-0.04819277108433728,0.0
city_Tokyo_into_Paris,31,1.0120481927710843,0.13253012048192772,0.0843373493975903,0.03614457831325302,0.0
city_Tokyo_into_Paris,32,1.0120481927710843,0.012048192771084338,0.0,-0.012048192771084376,0.0
city_Tokyo_into_Paris,33,1.0120481927710843,0.0,0.0,0.012048192771084265,0.0
city_Tokyo_into_Paris,34,1.0120481927710843,0.07228915662650602,0.0843373493975903,0.024096385542168752,0.0
city_Tokyo_into_Paris,35,1.0120481927710843,0.10843373493975904,0.10843373493975894,-0.09638554216867479,0.0
company_Apple_into_Google,0,1.0,-0.02,0.0,0.02,0.0
company_Apple_into_Google,1,1.0,-0.02,0.0,-0.02,0.0
company_Apple_into_Google,2,1.0,-0.02,0.0,0.0,-0.040000000000000036
company_Apple_into_Google,3,1.0,-0.02,0.0,0.0,0.0
company_Apple_into_Google,4,1.0,-0.02,0.0,0.0,0.020000000000000018
company_Apple_into_Google,5,1.0,-0.02,0.0,0.0,-0.020000000000000018
company_Apple_into_Google,6,1.0,-0.02,0.0,0.0,0.0
company_Apple_into_Google,7,1.0,-0.02,0.0,-0.02,-0.020000000000000018
company_Apple_into_Google,8,1.0,-0.02,0.0,0.0,0.020000000000000018
company_Apple_into_Google,9,1.0,0.0,-0.020000000000000018,0.02,-0.020000000000000018
company_Apple_into_Google,10,1.0,-0.02,0.0,0.0,-0.020000000000000018
company_Apple_into_Google,11,1.0,-0.02,0.0,-0.02,-0.039999999999999925
company_Apple_into_Google,12,1.0,-0.02,0.0,-0.02,0.0
company_Apple_into_Google,13,1.0,-0.02,0.0,0.02,0.0
company_Apple_into_Google,14,1.0,-0.02,0.0,0.04,0.0
company_Apple_into_Google,15,1.0,-0.02,0.0,0.04,-0.020000000000000018
company_Apple_into_Google,16,1.0,-0.02,0.0,0.02,0.0
company_Apple_into_Google,17,1.0,-0.02,0.0,0.0,-0.040000000000000036
company_Apple_into_Google,18,1.0,-0.02,0.0,0.02,0.040000000000000036
company_Apple_into_Google,19,1.0,-0.02,0.0,0.0,0.040000000000000036
company_Apple_into_Google,20,1.0,-0.04,0.0,0.019999999999999997,0.0
company_Apple_into_Google,21,1.0,-0.02,0.0,-0.04,-0.020000000000000018
company_Apple_into_Google,22,1.0,-0.02,0.0,0.02,0.0
company_Apple_into_Google,23,1.0,0.1,0.07999999999999996,0.01999999999999999,0.0
company_Apple_into_Google,24,1.0,0.18,0.21999999999999997,0.019999999999999962,0.040000000000000036
company_Apple_into_Google,25,1.0,-0.02,0.0,-0.08000000000000002,0.0
company_Apple_into_Google,26,1.0,0.06,0.09999999999999998,0.0,0.0
company_Apple_into_Google,27,1.0,0.02,0.06000000000000005,0.08000000000000002,0.020000000000000018
company_Apple_into_Google,28,1.0,-0.04,0.0,0.08000000000000002,0.020000000000000018
company_Apple_into_Google,29,1.0,0.02,0.040000000000000036,0.020000000000000018,-0.04000000000000001
company_Apple_into_Google,30,1.0,0.0,0.020000000000000018,0.019999999999999907,0.0
company_Apple_into_Google,31,1.0,0.1,0.12,0.039999999999999925,0.020000000000000004
company_Apple_into_Google,32,1.0,0.0,0.020000000000000018,-0.040000000000000036,0.0
company_Apple_into_Google,33,1.0,0.04,0.06000000000000005,0.06000000000000005,0.0
company_Apple_into_Google,34,1.0,0.1,0.12,0.09999999999999998,0.0
company_Apple_into_Google,35,1.0,0.1,0.12,-0.014999999999999902,0.0
company_Google_into_Apple,0,1.0,0.0,0.0,0.0,-0.24
company_Google_into_Apple,1,1.0,0.0,-0.020000000000000018,0.0,0.0
company_Google_into_Apple,2,1.0,0.0,-0.020000000000000018,0.0,0.020000000000000018
company_Google_into_Apple,3,1.0,0.0,-0.020000000000000018,0.02,0.0
company_Google_into_Apple,4,1.0,0.0,-0.020000000000000018,0.02,0.040000000000000036
company_Google_into_Apple,5,1.0,0.0,0.0,-0.02,0.020000000000000018
company_Google_into_Apple,6,1.0,0.0,-0.020000000000000018,0.0,0.0
company_Google_into_Apple,7,1.0,0.0,-0.020000000000000018,0.0,0.020000000000000018
company_Google_into_Apple,8,1.0,0.02,-0.020000000000000018,-0.039999999999999994,0.0
company_Google_into_Apple,9,1.0,0.0,0.0,-0.04,0.0
company_Google_into_Apple,10,1.0,0.02,-0.020000000000000018,0.0,0.020000000000000018
company_Google_into_Apple,11,1.0,0.0,-0.020000000000000018,-0.02,0.0
company_Google_into_Apple,12,1.0,0.0,-0.020000000000000018,-0.02,0.020000000000000018
company_Google_into_Apple,13,1.0,0.0,-0.020000000000000018,-0.02,0.020000000000000018
company_Google_into_Apple,14,1.0,0.0,0.0,-0.02,0.0
company_Google_into_Apple,15,1.0,0.0,-0.020000000000000018,-0.02,0.0
company_Google_into_Apple,16,1.0,0.02,-0.020000000000000018,0.04,0.0
company_Google_into_Apple,17,1.0,0.0,-0.040000000000000036,0.02,0.0
company_Google_into_Apple,18,1.0,0.02,-0.020000000000000018,0.0,-0.020000000000000018
company_Google_into_Apple,19,1.0,0.0,-0.020000000000000018,0.04,0.040000000000000036
company_Google_into_Apple,20,1.0,0.02,-0.020000000000000018,0.0,0.0
company_Google_into_Apple,21,1.0,0.02,0.0,0.039999999999999994,0.019999999999999907
company_Google_into_Apple,22,1.0,0.02,-0.020000000000000018,0.039999999999999994,0.05999999999999994
company_Google_into_Apple,23,1.0,0.08,0.12,0.020000000000000018,-0.020000000000000018
company_Google_into_Apple,24,1.0,0.24,0.18000000000000005,0.040000000000000036,-0.03999999999999998
company_Google_into_Apple,25,1.0,0.0,0.0,0.040000000000000036,0.0
company_Google_into_Apple,26,1.0,0.08,0.06000000000000005,0.0,0.01999999999999999
company_Google_into_Apple,27,1.0,0.06,0.020000000000000018,0.0,-0.04000000000000001
company_Google_into_Apple,28,1.0,0.02,-0.020000000000000018,0.020000000000000018,-0.01999999999999999
company_Google_into_Apple,29,1.0,0.02,0.020000000000000018,0.09999999999999998,0.0
company_Google_into_Apple,30,1.0,0.02,0.0,-0.020000000000000018,0.0
company_Google_into_Apple,31,1.0,0.12,0.07999999999999996,-0.06000000000000005,-0.01999999999999999
company_Google_into_Apple,32,1.0,0.02,0.0,0.020000000000000018,0.0
company_Google_into_Apple,33,1.0,0.06,0.06000000000000005,0.0,0.0
company_Google_into_Apple,34,1.0,0.12,0.09999999999999998,0.10000000000000009,0.02
company_Google_into_Apple,35,1.0,0.12,0.07999999999999996,-0.18500000000000005,0.0
composer_Bach_into_Mozart,0,0.9821428571428571,0.0,0.0,0.0,0.05357142857142857
composer_Bach_into_Mozart,1,0.9821428571428571,0.0,-0.017857142857142905,0.017857142857142856,-0.053571428571428714
composer_Bach_into_Mozart,2,0.9821428571428571,0.0,0.017857142857142794,0.017857142857142856,-0.0535714285714286
composer_Bach_into_Mozart,3,0.9821428571428571,-0.017857142857142856,0.0,0.0,-0.017857142857143016
composer_Bach_into_Mozart,4,0.9821428571428571,0.0,0.0,0.017857142857142856,0.017857142857142794
composer_Bach_into_Mozart,5,0.9821428571428571,0.017857142857142856,-0.017857142857142905,-0.017857142857142856,0.12499999999999989
composer_Bach_into_Mozart,6,0.9821428571428571,0.0,-0.0357142857142857,-0.05357142857142857,0.03571428571428581
composer_Bach_into_Mozart,7,0.9821428571428571,0.0,0.0357142857142857,0.017857142857142856,0.017857142857142794
composer_Bach_into_Mozart,8,0.9821428571428571,0.0,-0.017857142857142905,-0.08928571428571427,0.03571428571428559
composer_Bach_into_Mozart,9,0.9821428571428571,0.0,0.0357142857142857,-0.03571428571428571,0.0892857142857143
composer_Bach_into_Mozart,10,0.9821428571428571,0.0,0.0357142857142857,-0.03571428571428571,-0.03571428571428581
composer_Bach_into_Mozart,11,0.9821428571428571,0.0,0.0357142857142857,0.017857142857142856,0.05357142857142849
composer_Bach_into_Mozart,12,0.9821428571428571,0.0,-0.0357142857142857,-0.017857142857142856,-0.0357142857142857
composer_Bach_into_Mozart,13,0.9821428571428571,0.0,0.0,-0.017857142857142856,0.017857142857142794
composer_Bach_into_Mozart,14,0.9821428571428571,0.017857142857142856,-0.017857142857142905,0.03571428571428571,0.017857142857142905
composer_Bach_into_Mozart,15,0.9821428571428571,0.0,0.0,0.03571428571428571,0.0357142857142857
composer_Bach_into_Mozart,16,0.9821428571428571,-0.017857142857142856,0.0,-0.03571428571428571,0.017857142857142794
composer_Bach_into_Mozart,17,0.9821428571428571,0.0,-0.017857142857142905,-0.017857142857142856,0.017857142857142794
composer_Bach_into_Mozart,18,0.9821428571428571,0.017857142857142856,-0.017857142857142905,0.0,0.017857142857142905
composer_Bach_into_Mozart,19,0.9821428571428571,0.0,0.0,0.05357142857142857,-0.017857142857142794
composer_Bach_into_Mozart,20,0.9821428571428571,0.0,0.0,0.017857142857142856,0.0357142857142857
composer_Bach_into_Mozart,21,0.9821428571428571,0.017857142857142856,0.0,0.03571428571428571,-0.017857142857142905
composer_Bach_into_Mozart,22,0.9821428571428571,0.017857142857142856,-0.017857142857142905,0.017857142857142856,-0.05357142857142849
composer_Bach_into_Mozart,23,0.9821428571428571,0.08928571428571429,0.0,-0.035714285714285726,-0.017857142857142794
composer_Bach_into_Mozart,24,0.9821428571428571,0.14285714285714285,0.125,0.0357142857142857,0.0
composer_Bach_into_Mozart,25,0.9821428571428571,-0.03571428571428571,-0.017857142857142905,0.0,0.0
composer_Bach_into_Mozart,26,0.9821428571428571,0.21428571428571427,0.2142857142857142,0.017857142857142905,0.0
composer_Bach_into_Mozart,27,0.9821428571428571,0.05357142857142857,0.0714285714285714,0.017857142857142905,0.0
composer_Bach_into_Mozart,28,0.9821428571428571,0.017857142857142856,0.017857142857142794,0.0357142857142857,0.017857142857142905
composer_Bach_into_Mozart,29,0.9821428571428571,0.10714285714285714,0.1071428571428571,0.125,-0.01785714285714285
composer_Bach_into_Mozart,30,0.9821428571428571,0.05357142857142857,0.0,0.125,0.0
composer_Bach_into_Mozart,31,0.9821428571428571,0.10714285714285714,0.125,0.0357142857142857,-0.017857142857142877
composer_Bach_into_Mozart,32,0.9821428571428571,0.08928571428571429,0.0714285714285714,0.1964285714285714,0.0
composer_Bach_into_Mozart,33,0.9821428571428571,-0.07142857142857142,-0.0892857142857143,-0.017857142857142794,-0.017857142857142877
composer_Bach_into_Mozart,34,0.9821428571428571,0.14285714285714285,0.125,0.125,0.0
composer_Bach_into_Mozart,35,0.9821428571428571,0.125,0.1071428571428571,-0.1250000000000001,0.0
composer_Mozart_into_Bach,0,1.0,0.0,0.0,0.10714285714285714,-0.19642857142857142
composer_Mozart_into_Bach,1,1.0,0.0,0.0,0.03571428571428571,-0.03571428571428581
composer_Mozart_into_Bach,2,1.0,-0.017857142857142856,0.017857142857142905,0.07142857142857142,0.0
composer_Mozart_into_Bach,3,1.0,0.017857142857142856,0.0,-0.03571428571428571,-0.0535714285714286
composer_Mozart_into_Bach,4,1.0,0.0,0.0,0.19642857142857142,-0.05357142857142849
composer_Mozart_into_Bach,5,1.0,-0.03571428571428571,0.017857142857142905,-0.017857142857142856,-0.0714285714285714
composer_Mozart_into_Bach,6,1.0,0.0,0.017857142857142905,-0.1607142857142857,-0.017857142857142905
composer_Mozart_into_Bach,7,1.0,0.017857142857142856,0.017857142857142905,0.125,0.0357142857142857
composer_Mozart_into_Bach,8,1.0,-0.017857142857142856,0.017857142857142905,-0.2142857142857143,0.0
composer_Mozart_into_Bach,9,1.0,0.0,-0.017857142857142794,-0.14285714285714285,0.05357142857142849
composer_Mozart_into_Bach,10,1.0,0.017857142857142856,0.0,-0.1607142857142857,0.0
composer_Mozart_into_Bach,11,1.0,0.03571428571428571,0.017857142857142905,0.0,0.0892857142857143
composer_Mozart_into_Bach,12,1.0,-0.03571428571428571,0.017857142857142905,0.017857142857142856,-0.0357142857142857
composer_Mozart_into_Bach,13,1.0,0.017857142857142856,0.017857142857142905,0.0,-0.0357142857142857
composer_Mozart_into_Bach,14,1.0,0.0,0.0357142857142857,-0.08928571428571427,0.017857142857142905
composer_Mozart_into_Bach,15,1.0,0.03571428571428571,0.017857142857142905,0.017857142857142856,-0.017857142857142905
composer_Mozart_into_Bach,16,1.0,0.017857142857142856,0.0,-0.10714285714285714,0.0
composer_Mozart_into_Bach,17,1.0,0.0,0.017857142857142905,-0.03571428571428571,0.017857142857142905
composer_Mozart_into_Bach,18,1.0,0.017857142857142856,0.017857142857142905,0.0,0.017857142857142905
composer_Mozart_into_Bach,19,1.0,0.017857142857142856,0.0,-0.017857142857142856,0.017857142857142905
composer_Mozart_into_Bach,20,1.0,0.03571428571428571,0.017857142857142905,-0.05357142857142857,-0.017857142857142905
composer_Mozart_into_Bach,21,1.0,0.017857142857142856,0.0357142857142857,0.0,0.0357142857142857
composer_Mozart_into_Bach,22,1.0,0.0,0.0357142857142857,-0.017857142857142856,-0.017857142857142905
composer_Mozart_into_Bach,23,1.0,0.017857142857142856,0.0892857142857143,0.05357142857142857,-0.0357142857142857
composer_Mozart_into_Bach,24,1.0,0.14285714285714285,0.1607142857142857,0.0,0.0
composer_Mozart_into_Bach,25,1.0,0.0,0.0,-0.053571428571428575,0.017857142857142794
composer_Mozart_into_Bach,26,1.0,0.23214285714285715,0.2321428571428571,0.0535714285714286,0.0
composer_Mozart_into_Bach,27,1.0,0.08928571428571429,0.0892857142857143,-0.05357142857142849,0.017857142857142877
composer_Mozart_into_Bach,28,1.0,0.017857142857142856,0.0,-0.017857142857142794,-0.0357142857142857
composer_Mozart_into_Bach,29,1.0,0.10714285714285714,0.125,0.16071428571428575,-0.01785714285714285
composer_Mozart_into_Bach,30,1.0,0.03571428571428571,0.0535714285714286,0.0,0.0
composer_Mozart_into_Bach,31,1.0,0.125,0.125,0.0714285714285714,-0.01785714285714285
composer_Mozart_into_Bach,32,1.0,0.07142857142857142,0.1071428571428571,-0.1607142857142857,0.0
composer_Mozart_into_Bach,33,1.0,-0.08928571428571429,-0.0714285714285714,0.0892857142857143,0.0
composer_Mozart_into_Bach,34,1.0,0.125,0.125,0.1071428571428572,0.0
composer_Mozart_into_Bach,35,1.0,0.125,0.1071428571428571,-0.08928571428571419,0.0
country_France_into_Japan,0,1.0113636363636365,0.0,0.0,-0.022727272727272728,-0.5
country_France_into_Japan,1,1.0113636363636365,0.0,0.011363636363636465,0.0,-0.011363636363636465
country_France_into_Japan,2,1.0113636363636365,0.0,0.0,0.0,0.0
country_France_into_Japan,3,1.0113636363636365,0.0,0.011363636363636465,0.0,0.0
country_France_into_Japan,4,1.0113636363636365,0.0,0.011363636363636465,0.022727272727272728,-0.011363636363636465
country_France_into_Japan,5,1.0113636363636365,0.0,0.011363636363636465,0.0,0.0
country_France_into_Japan,6,1.0113636363636365,0.0,0.011363636363636465,0.011363636363636364,0.022727272727272707
country_France_into_Japan,7,1.0113636363636365,0.0,0.011363636363636465,0.0,0.0
country_France_into_Japan,8,1.0113636363636365,0.0,0.022727272727272818,-0.022727272727272724,0.0
country_France_into_Japan,9,1.0113636363636365,0.011363636363636364,0.011363636363636465,-0.01136363636363636,0.0
country_France_into_Japan,10,1.0113636363636365,0.0,0.022727272727272818,0.011363636363636364,0.0
country_France_into_Japan,11,1.0113636363636365,-0.011363636363636364,0.022727272727272818,0.011363636363636364,0.011363636363636354
country_France_into_Japan,12,1.0113636363636365,0.0,0.011363636363636465,0.0,0.03409090909090906
country_France_into_Japan,13,1.0113636363636365,0.0,0.011363636363636465,0.022727272727272728,0.011363636363636354
country_France_into_Japan,14,1.0113636363636365,0.0,0.0,0.011363636363636364,0.011363636363636354
country_France_into_Japan,15,1.0113636363636365,0.0,0.0,0.022727272727272728,0.011363636363636354
country_France_into_Japan,16,1.0113636363636365,0.0,0.022727272727272818,-0.022727272727272728,0.011363636363636354
country_France_into_Japan,17,1.0113636363636365,0.0,0.011363636363636465,-0.011363636363636364,0.011363636363636354
country_France_into_Japan,18,1.0113636363636365,0.0,0.022727272727272818,-0.011363636363636364,0.0
country_France_into_Japan,19,1.0113636363636365,0.0,0.011363636363636465,0.022727272727272728,0.011363636363636354
country_France_into_Japan,20,1.0113636363636365,0.011363636363636364,0.0,0.05681818181818182,0.011363636363636354
country_France_into_Japan,21,1.0113636363636365,0.0,0.011363636363636465,-0.011363636363636364,0.0
country_France_into_Japan,22,1.0113636363636365,0.011363636363636364,0.011363636363636465,-0.022727272727272724,0.011363636363636354
country_France_into_Japan,23,1.0113636363636365,0.03409090909090909,0.03409090909090917,0.0,0.03409090909090906
country_France_into_Japan,24,1.0113636363636365,0.23863636363636365,0.28409090909090917,0.011363636363636354,0.022727272727272707
country_France_into_Japan,25,1.0113636363636365,0.011363636363636364,0.0,-0.03409090909090906,-0.03409090909090906
country_France_into_Japan,26,1.0113636363636365,0.1590909090909091,0.11363636363636376,0.0,0.0
country_France_into_Japan,27,1.0113636363636365,0.07954545454545454,0.05681818181818188,0.05681818181818177,-0.011363636363636381
country_France_into_Japan,28,1.0113636363636365,0.0,0.011363636363636465,0.045454545454545414,0.011363636363636354
country_France_into_Japan,29,1.0113636363636365,0.0,0.0,0.022727272727272707,-0.011363636363636354
country_France_into_Japan,30,1.0113636363636365,0.03409090909090909,0.03409090909090917,0.03409090909090917,-0.011363636363636354
country_France_into_Japan,31,1.0113636363636365,0.045454545454545456,0.05681818181818188,-0.045454545454545525,0.0
country_France_into_Japan,32,1.0113636363636365,0.011363636363636364,0.011363636363636465,-0.045454545454545414,-0.01136363636363636
country_France_into_Japan,33,1.0113636363636365,0.011363636363636364,0.022727272727272818,0.06818181818181823,-0.01136363636363636
country_France_into_Japan,34,1.0113636363636365,0.07954545454545454,0.06818181818181823,0.11363636363636365,0.0
country_France_into_Japan,35,1.0113636363636365,0.1590909090909091,0.14772727272727282,-0.03125,0.0
country_Japan_into_France,0,0.9886363636363636,0.0,-0.011363636363636354,-0.011363636363636364,-0.23863636363636365
country_Japan_into_France,1,0.9886363636363636,0.0,-0.011363636363636354,-0.011363636363636364,0.011363636363636354
country_Japan_into_France,2,0.9886363636363636,0.0,0.0,0.0,0.011363636363636354
country_Japan_into_France,3,0.9886363636363636,0.011363636363636364,-0.011363636363636354,0.0,0.011363636363636354
country_Japan_into_France,4,0.9886363636363636,0.011363636363636364,0.0,0.022727272727272728,0.0
country_Japan_into_France,5,0.9886363636363636,0.0,-0.011363636363636354,0.022727272727272728,0.022727272727272707
country_Japan_into_France,6,0.9886363636363636,0.0,0.0,0.011363636363636364,0.022727272727272707
country_Japan_into_France,7,0.9886363636363636,0.0,0.0,0.022727272727272728,0.0
country_Japan_into_France,8,0.9886363636363636,0.0,0.0,-0.022727272727272728,0.0
country_Japan_into_France,9,0.9886363636363636,0.0,0.0,0.011363636363636364,0.011363636363636354
country_Japan_into_France,10,0.9886363636363636,0.0,-0.011363636363636354,0.022727272727272728,0.045454545454545414
country_Japan_into_France,11,0.9886363636363636,0.011363636363636364,0.0,0.0,0.022727272727272707
country_Japan_into_France,12,0.9886363636363636,0.0,-0.011363636363636354,0.022727272727272724,0.03409090909090906
country_Japan_into_France,13,0.9886363636363636,0.0,-0.011363636363636354,0.022727272727272724,0.022727272727272707
country_Japan_into_France,14,0.9886363636363636,-0.011363636363636364,0.0,0.01136363636363636,0.0
country_Japan_into_France,15,0.9886363636363636,0.011363636363636364,0.0,0.0,-0.03409090909090906
country_Japan_into_France,16,0.9886363636363636,0.011363636363636364,-0.011363636363636354,0.01136363636363636,0.022727272727272707
country_Japan_into_France,17,0.9886363636363636,0.0,0.0,0.01136363636363636,0.0
country_Japan_into_France,18,0.9886363636363636,0.011363636363636364,-0.011363636363636354,0.0,0.03409090909090906
country_Japan_into_France,19,0.9886363636363636,0.011363636363636364,0.0,0.022727272727272728,0.011363636363636354
country_Japan_into_France,20,0.9886363636363636,-0.011363636363636364,0.0,0.011363636363636364,0.0
country_Japan_into_France,21,0.9886363636363636,0.011363636363636364,-0.011363636363636354,-0.022727272727272728,0.011363636363636354
country_Japan_into_France,22,0.9886363636363636,0.0,0.0,0.011363636363636367,0.03409090909090906
country_Japan_into_France,23,0.9886363636363636,0.022727272727272728,0.03409090909090906,0.0,0.03409090909090917
country_Japan_into_France,24,0.9886363636363636,0.26136363636363635,0.23863636363636365,-0.022727272727272707,0.0
country_Japan_into_France,25,0.9886363636363636,0.0,0.011363636363636354,0.034090909090909116,-0.011363636363636354
country_Japan_into_France,26,0.9886363636363636,0.10227272727272728,0.1477272727272727,0.022727272727272707,0.011363636363636381
country_Japan_into_France,27,0.9886363636363636,0.045454545454545456,0.06818181818181823,0.0,0.011363636363636354
country_Japan_into_France,28,0.9886363636363636,0.0,0.0,0.0,-0.011363636363636354
country_Japan_into_France,29,0.9886363636363636,0.011363636363636364,0.0,0.13636363636363635,0.0
country_Japan_into_France,30,0.9886363636363636,0.03409090909090909,0.011363636363636354,-0.022727272727272818,-0.011363636363636354
country_Japan_into_France,31,0.9886363636363636,0.056818181818181816,0.045454545454545414,0.011363636363636354,0.0
country_Japan_into_France,32,0.9886363636363636,0.011363636363636364,0.0,0.011363636363636354,0.0
country_Japan_into_France,33,0.9886363636363636,0.022727272727272728,0.011363636363636354,0.011363636363636354,0.0
country_Japan_into_France,34,0.9886363636363636,0.056818181818181816,0.07954545454545459,0.05681818181818188,0.011363636363636364
country_Japan_into_France,35,0.9886363636363636,0.14772727272727273,0.13636363636363635,-0.13636363636363635,0.0
scientist_Darwin_into_Einstein,0,1.0096153846153846,0.0,0.0,0.009615384615384616,-0.11538461538461539
scientist_Darwin_into_Einstein,1,1.0096153846153846,0.0,0.0,0.009615384615384616,0.0
scientist_Darwin_into_Einstein,2,1.0096153846153846,0.009615384615384616,-0.009615384615384581,0.0,-0.019230769230769162
scientist_Darwin_into_Einstein,3,1.0096153846153846,0.009615384615384616,0.009615384615384581,0.0,-0.009615384615384581
scientist_Darwin_into_Einstein,4,1.0096153846153846,0.009615384615384616,0.009615384615384581,0.019230769230769232,0.009615384615384692
scientist_Darwin_into_Einstein,5,1.0096153846153846,0.009615384615384616,0.0,0.04807692307692308,-0.019230769230769273
scientist_Darwin_into_Einstein,6,1.0096153846153846,0.009615384615384616,0.0,-0.019230769230769232,-0.028846153846153855
scientist_Darwin_into_Einstein,7,1.0096153846153846,0.0,0.0,0.038461538461538464,0.028846153846153855
scientist_Darwin_into_Einstein,8,1.0096153846153846,0.0,0.019230769230769162,-0.028846153846153848,0.009615384615384692
scientist_Darwin_into_Einstein,9,1.0096153846153846,0.0,0.009615384615384581,-0.009615384615384616,0.019230769230769162
scientist_Darwin_into_Einstein,10,1.0096153846153846,-0.009615384615384616,0.028846153846153855,-0.04807692307692308,0.019230769230769273
scientist_Darwin_into_Einstein,11,1.0096153846153846,-0.028846153846153848,0.028846153846153855,-0.04807692307692308,0.0
scientist_Darwin_into_Einstein,12,1.0096153846153846,0.019230769230769232,-0.009615384615384581,0.02884615384615384,-0.009615384615384581
scientist_Darwin_into_Einstein,13,1.0096153846153846,0.019230769230769232,0.0,-0.009615384615384616,0.04807692307692302
scientist_Darwin_into_Einstein,14,1.0096153846153846,0.0,0.019230769230769162,-0.019230769230769232,0.028846153846153855
scientist_Darwin_into_Einstein,15,1.0096153846153846,0.009615384615384616,0.009615384615384581,-0.019230769230769232,0.009615384615384581
scientist_Darwin_into_Einstein,16,1.0096153846153846,0.0,0.019230769230769162,-0.038461538461538464,0.009615384615384692
scientist_Darwin_into_Einstein,17,1.0096153846153846,-0.04807692307692308,0.028846153846153855,-0.019230769230769232,0.0
scientist_Darwin_into_Einstein,18,1.0096153846153846,0.009615384615384616,0.019230769230769162,-0.019230769230769232,-0.019230769230769162
scientist_Darwin_into_Einstein,19,1.0096153846153846,0.0,0.019230769230769162,0.019230769230769232,0.019230769230769162
scientist_Darwin_into_Einstein,20,1.0096153846153846,0.0,0.019230769230769162,-0.019230769230769232,-0.009615384615384581
scientist_Darwin_into_Einstein,21,1.0096153846153846,0.009615384615384616,0.019230769230769162,-0.038461538461538464,0.019230769230769273
scientist_Darwin_into_Einstein,22,1.0096153846153846,0.019230769230769232,0.028846153846153855,-0.009615384615384616,0.0
scientist_Darwin_into_Einstein,23,1.0096153846153846,0.019230769230769232,0.15384615384615385,-0.028846153846153848,-0.009615384615384581
scientist_Darwin_into_Einstein,24,1.0096153846153846,0.20192307692307693,0.2403846153846153,-0.038461538461538464,-0.019230769230769246
scientist_Darwin_into_Einstein,25,1.0096153846153846,0.009615384615384616,-0.009615384615384581,-0.028846153846153855,0.0
scientist_Darwin_into_Einstein,26,1.0096153846153846,0.18269230769230768,0.125,0.0,0.0
scientist_Darwin_into_Einstein,27,1.0096153846153846,0.125,0.10576923076923073,-0.038461538461538436,-0.019230769230769232
scientist_Darwin_into_Einstein,28,1.0096153846153846,0.028846153846153848,-0.009615384615384581,0.0,0.019230769230769232
scientist_Darwin_into_Einstein,29,1.0096153846153846,0.038461538461538464,0.028846153846153855,0.1346153846153847,0.0
scientist_Darwin_into_Einstein,30,1.0096153846153846,0.11538461538461539,0.09615384615384615,0.14423076923076927,0.0
scientist_Darwin_into_Einstein,31,1.0096153846153846,0.0673076923076923,0.06730769230769229,0.08653846153846156,0.0
scientist_Darwin_into_Einstein,32,1.0096153846153846,-0.019230769230769232,-0.04807692307692313,-0.05769230769230771,-0.009615384615384609
scientist_Darwin_into_Einstein,33,1.0096153846153846,0.04807692307692308,-0.009615384615384581,-0.019230769230769162,0.0
scientist_Darwin_into_Einstein,34,1.0096153846153846,0.04807692307692308,0.05769230769230771,0.07692307692307698,0.0
scientist_Darwin_into_Einstein,35,1.0096153846153846,0.0673076923076923,0.08653846153846145,-0.033653846153846256,0.0
scientist_Darwin_into_Newton,0,0.9043478260869565,-0.008695652173913044,-0.008695652173912993,-0.034782608695652174,-0.008695652173913044
scientist_Darwin_into_Newton,1,0.9043478260869565,0.0,-0.008695652173912993,0.008695652173913044,-0.05217391304347829
scientist_Darwin_into_Newton,2,0.9043478260869565,0.0,0.0,-0.008695652173913044,-0.02608695652173909
scientist_Darwin_into_Newton,3,0.9043478260869565,-0.008695652173913044,0.0,-0.026086956521739132,-0.017391304347826098
scientist_Darwin_into_Newton,4,0.9043478260869565,0.0,-0.008695652173912993,0.03478260869565217,-0.008695652173913104
scientist_Darwin_into_Newton,5,0.9043478260869565,0.0,0.0,-0.05217391304347826,0.008695652173912993
scientist_Darwin_into_Newton,6,0.9043478260869565,0.008695652173913044,-0.02608695652173909,-0.034782608695652174,-0.05217391304347829
scientist_Darwin_into_Newton,7,0.9043478260869565,0.0,-0.008695652173912993,0.008695652173913044,0.034782608695652084
scientist_Darwin_into_Newton,8,0.9043478260869565,0.0,-0.034782608695652195,-0.0782608695652174,0.034782608695652195
scientist_Darwin_into_Newton,9,0.9043478260869565,-0.008695652173913044,-0.034782608695652195,-0.0608695652173913,0.0
scientist_Darwin_into_Newton,10,0.9043478260869565,-0.008695652173913044,-0.017391304347826098,-0.07826086956521738,0.008695652173912993
scientist_Darwin_into_Newton,11,0.9043478260869565,-0.017391304347826087,0.0,-0.043478260869565216,-0.008695652173912993
scientist_Darwin_into_Newton,12,0.9043478260869565,0.008695652173913044,-0.034782608695652195,0.008695652173913044,0.017391304347826098
scientist_Darwin_into_Newton,13,0.9043478260869565,0.008695652173913044,-0.017391304347826098,-0.026086956521739132,0.05217391304347829
scientist_Darwin_into_Newton,14,0.9043478260869565,0.0,-0.02608695652173909,-0.043478260869565216,0.017391304347826098
scientist_Darwin_into_Newton,15,0.9043478260869565,0.008695652173913044,-0.034782608695652195,-0.026086956521739132,0.0
scientist_Darwin_into_Newton,16,0.9043478260869565,0.0,-0.008695652173912993,-0.043478260869565216,0.008695652173913104
scientist_Darwin_into_Newton,17,0.9043478260869565,-0.06086956521739131,0.02608695652173909,-0.008695652173913044,0.0
scientist_Darwin_into_Newton,18,0.9043478260869565,-0.017391304347826087,-0.008695652173912993,-0.026086956521739132,-0.017391304347826098
scientist_Darwin_into_Newton,19,0.9043478260869565,-0.008695652173913044,0.017391304347826098,0.017391304347826084,0.008695652173912993
scientist_Darwin_into_Newton,20,0.9043478260869565,-0.02608695652173913,0.017391304347826098,-0.043478260869565216,-0.017391304347826098
scientist_Darwin_into_Newton,21,0.9043478260869565,0.0,0.008695652173912993,-0.052173913043478265,0.017391304347825987
scientist_Darwin_into_Newton,22,0.9043478260869565,0.017391304347826087,0.008695652173912993,0.017391304347826084,0.0
scientist_Darwin_into_Newton,23,0.9043478260869565,0.008695652173913044,0.07826086956521738,-0.026086956521739132,-0.008695652173912993
scientist_Darwin_into_Newton,24,0.9043478260869565,0.16521739130434782,0.16521739130434787,-0.03478260869565217,0.0
scientist_Darwin_into_Newton,25,0.9043478260869565,0.008695652173913044,0.017391304347826098,0.0,0.0
scientist_Darwin_into_Newton,26,0.9043478260869565,0.1826086956521739,0.17391304347826086,0.008695652173913049,0.017391304347826098
scientist_Darwin_into_Newton,27,0.9043478260869565,0.10434782608695652,0.060869565217391286,-0.008695652173912993,-0.017391304347826098
scientist_Darwin_into_Newton,28,0.9043478260869565,0.043478260869565216,0.008695652173912993,-0.008695652173913104,0.034782608695652195
scientist_Darwin_into_Newton,29,0.9043478260869565,0.06086956521739131,0.04347826086956519,0.12173913043478257,0.0
scientist_Darwin_into_Newton,30,0.9043478260869565,0.10434782608695652,0.07826086956521738,0.12173913043478257,0.008695652173913049
scientist_Darwin_into_Newton,31,0.9043478260869565,0.043478260869565216,0.04347826086956519,0.07826086956521738,0.0
scientist_Darwin_into_Newton,32,0.9043478260869565,0.008695652173913044,0.0,-0.060869565217391286,-0.008695652173913049
scientist_Darwin_into_Newton,33,0.9043478260869565,0.034782608695652174,-0.02608695652173909,-0.034782608695652195,-0.008695652173913035
scientist_Darwin_into_Newton,34,0.9043478260869565,0.0782608695652174,0.13913043478260867,0.008695652173913104,-0.008695652173913044
scientist_Darwin_into_Newton,35,0.9043478260869565,0.05217391304347826,0.09565217391304348,-0.07391304347826089,0.0
scientist_Einstein_into_Darwin,0,1.0096153846153846,0.0,0.0,0.038461538461538464,-0.4423076923076923
scientist_Einstein_into_Darwin,1,1.0096153846153846,-0.009615384615384616,0.0,0.0,-0.009615384615384581
scientist_Einstein_into_Darwin,2,1.0096153846153846,0.0,-0.009615384615384581,0.0,-0.03846153846153855
scientist_Einstein_into_Darwin,3,1.0096153846153846,-0.009615384615384616,-0.009615384615384581,0.019230769230769232,-0.03846153846153855
scientist_Einstein_into_Darwin,4,1.0096153846153846,0.0,-0.019230769230769162,0.009615384615384616,-0.019230769230769162
scientist_Einstein_into_Darwin,5,1.0096153846153846,-0.009615384615384616,0.0,0.009615384615384616,-0.038461538461538325
scientist_Einstein_into_Darwin,6,1.0096153846153846,-0.009615384615384616,0.009615384615384581,-0.019230769230769232,-0.03846153846153855
scientist_Einstein_into_Darwin,7,1.0096153846153846,-0.009615384615384616,0.0,0.038461538461538464,0.0
scientist_Einstein_into_Darwin,8,1.0096153846153846,0.0,-0.009615384615384581,-0.019230769230769232,0.028846153846153966
scientist_Einstein_into_Darwin,9,1.0096153846153846,0.0,-0.019230769230769162,0.0,0.10576923076923084
scientist_Einstein_into_Darwin,10,1.0096153846153846,0.0,-0.04807692307692313,-0.09615384615384616,0.019230769230769162
scientist_Einstein_into_Darwin,11,1.0096153846153846,-0.009615384615384616,-0.09615384615384626,-0.009615384615384616,0.009615384615384581
scientist_Einstein_into_Darwin,12,1.0096153846153846,0.0,0.0,-0.038461538461538464,0.05769230769230771
scientist_Einstein_into_Darwin,13,1.0096153846153846,0.0,0.009615384615384581,-0.0673076923076923,0.038461538461538325
scientist_Einstein_into_Darwin,14,1.0096153846153846,0.009615384615384616,-0.04807692307692313,-0.05769230769230769,0.03846153846153855
scientist_Einstein_into_Darwin,15,1.0096153846153846,0.0,0.0,-0.057692307692307696,0.028846153846153744
scientist_Einstein_into_Darwin,16,1.0096153846153846,0.0,-0.028846153846153966,-0.057692307692307696,0.0
scientist_Einstein_into_Darwin,17,1.0096153846153846,-0.019230769230769232,-0.1923076923076923,-0.019230769230769232,0.019230769230769162
scientist_Einstein_into_Darwin,18,1.0096153846153846,-0.009615384615384616,0.0,-0.03846153846153846,0.009615384615384803
scientist_Einstein_into_Darwin,19,1.0096153846153846,-0.019230769230769232,-0.028846153846153966,0.0,-0.019230769230769384
scientist_Einstein_into_Darwin,20,1.0096153846153846,0.0,-0.028846153846153966,0.009615384615384616,0.0
scientist_Einstein_into_Darwin,21,1.0096153846153846,0.009615384615384616,-0.009615384615384581,0.0,-0.009615384615384581
scientist_Einstein_into_Darwin,22,1.0096153846153846,0.0,0.0,-0.019230769230769232,0.0
scientist_Einstein_into_Darwin,23,1.0096153846153846,0.11538461538461539,-0.028846153846153966,0.0,0.0
scientist_Einstein_into_Darwin,24,1.0096153846153846,0.16346153846153846,0.13461538461538458,-0.009615384615384692,0.009615384615384581
scientist_Einstein_into_Darwin,25,1.0096153846153846,-0.009615384615384616,-0.019230769230769162,0.057692307692307654,0.019230769230769162
scientist_Einstein_into_Darwin,26,1.0096153846153846,0.11538461538461539,0.1923076923076923,0.0,-0.009615384615384637
scientist_Einstein_into_Darwin,27,1.0096153846153846,0.08653846153846154,0.14423076923076916,0.038461538461538436,-0.009615384615384581
scientist_Einstein_into_Darwin,28,1.0096153846153846,-0.019230769230769232,0.028846153846153855,-0.019230769230769273,-0.009615384615384581
scientist_Einstein_into_Darwin,29,1.0096153846153846,0.019230769230769232,0.06730769230769229,0.06730769230769229,0.0
scientist_Einstein_into_Darwin,30,1.0096153846153846,0.08653846153846154,0.10576923076923073,0.019230769230769273,0.0
scientist_Einstein_into_Darwin,31,1.0096153846153846,0.057692307692307696,0.07692307692307687,0.04807692307692302,0.009615384615384609
scientist_Einstein_into_Darwin,32,1.0096153846153846,-0.057692307692307696,0.028846153846153855,0.009615384615384581,-0.009615384615384623
scientist_Einstein_into_Darwin,33,1.0096153846153846,0.0,0.09615384615384615,0.08653846153846156,0.0
scientist_Einstein_into_Darwin,34,1.0096153846153846,0.038461538461538464,0.05769230769230771,0.15384615384615385,0.009615384615384616
scientist_Einstein_into_Darwin,35,1.0096153846153846,0.08653846153846154,0.07692307692307687,-0.24759615384615397,0.0
scientist_Einstein_into_Newton,0,0.9855072463768116,-0.014492753623188406,0.0,-0.043478260869565216,-0.057971014492753624
scientist_Einstein_into_Newton,1,0.9855072463768116,0.0,0.0,0.014492753623188406,-0.01449275362318847
scientist_Einstein_into_Newton,2,0.9855072463768116,-0.014492753623188406,0.0,0.0,0.0
scientist_Einstein_into_Newton,3,0.9855072463768116,0.0,0.0,-0.014492753623188406,0.01449275362318847
scientist_Einstein_into_Newton,4,0.9855072463768116,0.014492753623188406,0.0,0.0,-0.02898550724637683
scientist_Einstein_into_Newton,5,0.9855072463768116,0.0,0.0,-0.043478260869565216,-0.05797101449275366
scientist_Einstein_into_Newton,6,0.9855072463768116,0.0,-0.01449275362318836,-0.02898550724637681,-0.01449275362318847
scientist_Einstein_into_Newton,7,0.9855072463768116,0.0,-0.01449275362318836,0.028985507246376812,0.01449275362318836
scientist_Einstein_into_Newton,8,0.9855072463768116,0.014492753623188406,0.0,-0.14492753623188406,0.0
scientist_Einstein_into_Newton,9,0.9855072463768116,0.0,0.0,-0.043478260869565216,0.0
scientist_Einstein_into_Newton,10,0.9855072463768116,0.028985507246376812,-0.01449275362318836,-0.11594202898550723,0.04347826086956519
scientist_Einstein_into_Newton,11,0.9855072463768116,0.014492753623188406,-0.01449275362318836,-0.0144927536231884,-0.014492753623188248
scientist_Einstein_into_Newton,12,0.9855072463768116,0.0,0.0,0.014492753623188415,0.05797101449275366
scientist_Einstein_into_Newton,13,0.9855072463768116,0.014492753623188406,0.01449275362318847,0.028985507246376815,0.01449275362318847
scientist_Einstein_into_Newton,14,0.9855072463768116,0.043478260869565216,0.0,-0.0579710144927536,0.02898550724637683
scientist_Einstein_into_Newton,15,0.9855072463768116,0.014492753623188406,-0.01449275362318836,-0.0144927536231884,0.01449275362318847
scientist_Einstein_into_Newton,16,0.9855072463768116,0.014492753623188406,-0.01449275362318836,-0.0579710144927536,0.0
scientist_Einstein_into_Newton,17,0.9855072463768116,0.043478260869565216,-0.01449275362318836,-0.0144927536231884,0.0
scientist_Einstein_into_Newton,18,0.9855072463768116,0.014492753623188406,-0.01449275362318836,-0.0289855072463768,0.0
scientist_Einstein_into_Newton,19,0.9855072463768116,0.028985507246376812,-0.01449275362318836,0.0289855072463768,-0.01449275362318836
scientist_Einstein_into_Newton,20,0.9855072463768116,0.0,0.0,0.014492753623188415,0.0
scientist_Einstein_into_Newton,21,0.9855072463768116,0.043478260869565216,0.0,0.014492753623188415,-0.01449275362318847
scientist_Einstein_into_Newton,22,0.9855072463768116,0.014492753623188406,-0.01449275362318836,0.0,0.04347826086956519
scientist_Einstein_into_Newton,23,0.9855072463768116,0.14492753623188406,0.02898550724637683,-0.014492753623188415,-0.01449275362318836
scientist_Einstein_into_Newton,24,0.9855072463768116,0.2898550724637681,0.23188405797101452,0.02898550724637683,0.0
scientist_Einstein_into_Newton,25,0.9855072463768116,-0.014492753623188406,0.01449275362318847,0.02898550724637683,0.02898550724637683
scientist_Einstein_into_Newton,26,0.9855072463768116,0.21739130434782608,0.2753623188405797,0.04347826086956519,-0.0289855072463768
scientist_Einstein_into_Newton,27,0.9855072463768116,0.043478260869565216,0.05797101449275366,0.05797101449275366,0.0
scientist_Einstein_into_Newton,28,0.9855072463768116,-0.014492753623188406,0.01449275362318847,0.07246376811594202,-0.0289855072463768
scientist_Einstein_into_Newton,29,0.9855072463768116,0.014492753623188406,0.01449275362318847,0.10144927536231885,0.0
scientist_Einstein_into_Newton,30,0.9855072463768116,0.057971014492753624,0.05797101449275366,0.02898550724637672,0.0
scientist_Einstein_into_Newton,31,0.9855072463768116,0.07246376811594203,0.10144927536231885,0.04347826086956519,0.0289855072463768
scientist_Einstein_into_Newton,32,0.9855072463768116,-0.08695652173913043,-0.04347826086956508,-0.02898550724637683,-0.014492753623188387
scientist_Einstein_into_Newton,33,0.9855072463768116,0.014492753623188406,0.0,0.0,-0.014492753623188415
scientist_Einstein_into_Newton,34,0.9855072463768116,0.10144927536231885,0.18840579710144933,0.02898550724637672,0.0
scientist_Einstein_into_Newton,35,0.9855072463768116,0.08695652173913043,0.13043478260869568,-0.1594202898550724,0.0
scientist_Newton_into_Darwin,0,1.0260869565217392,0.0,0.0,-0.034782608695652174,-0.5304347826086957
scientist_Newton_into_Darwin,1,1.0260869565217392,-0.017391304347826087,-0.008695652173912993,-0.008695652173913044,0.017391304347825987
scientist_Newton_into_Darwin,2,1.0260869565217392,-0.008695652173913044,0.0,-0.034782608695652174,0.017391304347825987
scientist_Newton_into_Darwin,3,1.0260869565217392,0.008695652173913044,-0.008695652173912993,-0.008695652173913044,-0.017391304347825987
scientist_Newton_into_Darwin,4,1.0260869565217392,-0.008695652173913044,-0.008695652173912993,0.008695652173913044,0.04347826086956508
scientist_Newton_into_Darwin,5,1.0260869565217392,0.0,-0.017391304347825987,-0.026086956521739132,-0.017391304347825987
scientist_Newton_into_Darwin,6,1.0260869565217392,-0.017391304347826087,0.008695652173913215,-0.026086956521739132,0.01739130434782621
scientist_Newton_into_Darwin,7,1.0260869565217392,-0.008695652173913044,-0.008695652173912993,-0.034782608695652174,-0.01739130434782621
scientist_Newton_into_Darwin,8,1.0260869565217392,-0.017391304347826087,-0.017391304347825987,-0.13043478260869565,0.008695652173913215
scientist_Newton_into_Darwin,9,1.0260869565217392,-0.017391304347826087,-0.017391304347825987,-0.043478260869565216,0.0
scientist_Newton_into_Darwin,10,1.0260869565217392,-0.008695652173913044,-0.034782608695652195,-0.1391304347826087,0.017391304347825987
scientist_Newton_into_Darwin,11,1.0260869565217392,-0.017391304347826087,0.0,-0.04347826086956522,0.008695652173912993
scientist_Newton_into_Darwin,12,1.0260869565217392,-0.02608695652173913,0.0,-0.08695652173913043,-0.017391304347826098
scientist_Newton_into_Darwin,13,1.0260869565217392,-0.017391304347826087,0.0,-0.03478260869565218,0.0
scientist_Newton_into_Darwin,14,1.0260869565217392,-0.034782608695652174,-0.008695652173912993,-0.08695652173913043,0.017391304347826098
scientist_Newton_into_Darwin,15,1.0260869565217392,-0.017391304347826087,-0.008695652173912993,-0.0608695652173913,-0.008695652173912993
scientist_Newton_into_Darwin,16,1.0260869565217392,0.008695652173913044,0.008695652173913215,-0.07826086956521738,0.017391304347825987
scientist_Newton_into_Darwin,17,1.0260869565217392,0.034782608695652174,-0.08695652173913038,0.026086956521739132,-0.017391304347825987
scientist_Newton_into_Darwin,18,1.0260869565217392,0.0,-0.008695652173912993,-0.09565217391304348,-0.008695652173912993
scientist_Newton_into_Darwin,19,1.0260869565217392,0.017391304347826087,-0.02608695652173898,0.008695652173913042,-0.026086956521739202
scientist_Newton_into_Darwin,20,1.0260869565217392,0.008695652173913044,-0.034782608695652195,0.017391304347826087,-0.01739130434782621
scientist_Newton_into_Darwin,21,1.0260869565217392,0.0,0.0,0.0,0.02608695652173909
scientist_Newton_into_Darwin,22,1.0260869565217392,0.008695652173913044,-0.017391304347825987,-0.026086956521739132,0.017391304347826098
scientist_Newton_into_Darwin,23,1.0260869565217392,0.05217391304347826,-0.02608695652173898,-0.0434782608695652,0.017391304347826098
scientist_Newton_into_Darwin,24,1.0260869565217392,0.14782608695652175,0.16521739130434787,-0.07826086956521738,0.034782608695652195
scientist_Newton_into_Darwin,25,1.0260869565217392,0.02608695652173913,-0.008695652173912993,0.0,-0.008695652173912993
scientist_Newton_into_Darwin,26,1.0260869565217392,0.19130434782608696,0.20000000000000007,0.0,0.008695652173913049
scientist_Newton_into_Darwin,27,1.0260869565217392,0.05217391304347826,0.15652173913043488,0.017391304347826098,-0.008695652173912993
scientist_Newton_into_Darwin,28,1.0260869565217392,0.008695652173913044,0.0608695652173914,-0.02608695652173909,0.03478260869565217
scientist_Newton_into_Darwin,29,1.0260869565217392,0.06956521739130435,0.10434782608695659,0.0,0.0
scientist_Newton_into_Darwin,30,1.0260869565217392,0.10434782608695652,0.12173913043478268,0.05217391304347829,-0.01739130434782607
scientist_Newton_into_Darwin,31,1.0260869565217392,0.043478260869565216,0.05217391304347829,0.02608695652173909,0.008695652173913049
scientist_Newton_into_Darwin,32,1.0260869565217392,0.017391304347826087,0.0434782608695653,-0.008695652173913104,-0.008695652173913035
scientist_Newton_into_Darwin,33,1.0260869565217392,-0.008695652173913044,0.0782608695652175,0.11304347826086958,-0.008695652173913049
scientist_Newton_into_Darwin,34,1.0260869565217392,0.16521739130434782,0.11304347826086969,0.20869565217391295,0.0
scientist_Newton_into_Darwin,35,1.0260869565217392,0.11304347826086956,0.0608695652173914,-0.4086956521739129,0.0
scientist_Newton_into_Einstein,0,0.9710144927536232,0.0,0.0,-0.014492753623188406,-0.15942028985507245
scientist_Newton_into_Einstein,1,0.9710144927536232,0.014492753623188406,0.0,0.0,0.01449275362318836
scientist_Newton_into_Einstein,2,0.9710144927536232,0.014492753623188406,0.0,-0.014492753623188406,0.0
scientist_Newton_into_Einstein,3,0.9710144927536232,0.014492753623188406,0.0,0.0,-0.02898550724637683
scientist_Newton_into_Einstein,4,0.9710144927536232,0.0,0.0,0.014492753623188406,0.13043478260869568
scientist_Newton_into_Einstein,5,0.9710144927536232,0.0,0.01449275362318836,0.08695652173913043,-0.02898550724637683
scientist_Newton_into_Einstein,6,0.9710144927536232,0.014492753623188406,0.0,-0.028985507246376812,-0.0434782608695653
scientist_Newton_into_Einstein,7,0.9710144927536232,0.014492753623188406,0.0,0.028985507246376812,0.01449275362318847
scientist_Newton_into_Einstein,8,0.9710144927536232,0.014492753623188406,0.01449275362318836,-0.043478260869565216,0.10144927536231885
scientist_Newton_into_Einstein,9,0.9710144927536232,0.014492753623188406,0.01449275362318836,-0.028985507246376812,0.01449275362318836
scientist_Newton_into_Einstein,10,0.9710144927536232,0.014492753623188406,0.01449275362318836,-0.07246376811594203,0.04347826086956519
scientist_Newton_into_Einstein,11,0.9710144927536232,0.014492753623188406,0.02898550724637683,-0.028985507246376812,0.01449275362318847
scientist_Newton_into_Einstein,12,0.9710144927536232,0.014492753623188406,0.01449275362318836,0.014492753623188408,-0.01449275362318847
scientist_Newton_into_Einstein,13,0.9710144927536232,0.014492753623188406,0.0,0.05797101449275362,0.02898550724637683
scientist_Newton_into_Einstein,14,0.9710144927536232,0.0,0.04347826086956519,-0.043478260869565216,-0.01449275362318836
scientist_Newton_into_Einstein,15,0.9710144927536232,0.0,0.01449275362318836,-0.014492753623188406,0.04347826086956519
scientist_Newton_into_Einstein,16,0.9710144927536232,0.0,0.0,-0.08695652173913043,-0.01449275362318847
scientist_Newton_into_Einstein,17,0.9710144927536232,0.0,0.02898550724637683,0.07246376811594202,0.01449275362318847
scientist_Newton_into_Einstein,18,0.9710144927536232,0.014492753623188406,0.0,-0.057971014492753624,0.02898550724637683
scientist_Newton_into_Einstein,19,0.9710144927536232,0.0,0.01449275362318836,-0.043478260869565216,0.01449275362318847
scientist_Newton_into_Einstein,20,0.9710144927536232,0.014492753623188406,0.0,0.0,-0.0434782608695653
scientist_Newton_into_Einstein,21,0.9710144927536232,0.014492753623188406,0.05797101449275366,0.05797101449275362,0.0
scientist_Newton_into_Einstein,22,0.9710144927536232,0.014492753623188406,0.0,-0.014492753623188404,0.0434782608695653
scientist_Newton_into_Einstein,23,0.9710144927536232,0.043478260869565216,0.13043478260869568,-0.028985507246376812,0.014492753623188415
scientist_Newton_into_Einstein,24,0.9710144927536232,0.2608695652173913,0.2753623188405797,0.0,-0.014492753623188415
scientist_Newton_into_Einstein,25,0.9710144927536232,0.014492753623188406,-0.01449275362318847,-0.0579710144927536,-0.014492753623188415
scientist_Newton_into_Einstein,26,0.9710144927536232,0.2898550724637681,0.21739130434782605,-0.01449275362318836,0.014492753623188406
scientist_Newton_into_Einstein,27,0.9710144927536232,0.07246376811594203,0.04347826086956519,0.02898550724637683,-0.028985507246376812
scientist_Newton_into_Einstein,28,0.9710144927536232,0.043478260869565216,-0.01449275362318847,0.05797101449275366,0.0
scientist_Newton_into_Einstein,29,0.9710144927536232,0.028985507246376812,0.01449275362318836,0.04347826086956519,0.0
scientist_Newton_into_Einstein,30,0.9710144927536232,0.057971014492753624,0.05797101449275366,0.17391304347826086,0.0
scientist_Newton_into_Einstein,31,0.9710144927536232,0.13043478260869565,0.08695652173913038,0.04347826086956519,0.0
scientist_Newton_into_Einstein,32,0.9710144927536232,-0.028985507246376812,-0.07246376811594202,0.0,-0.0144927536231884
scientist_Newton_into_Einstein,33,0.9710144927536232,0.028985507246376812,0.01449275362318836,0.1159420289855072,0.0
scientist_Newton_into_Einstein,34,0.9710144927536232,0.17391304347826086,0.1159420289855072,0.24637681159420288,0.0
scientist_Newton_into_Einstein,35,0.9710144927536232,0.14492753623188406,0.08695652173913038,-0.4130434782608695,0.0
writer_Dickens_into_Shakespeare,0,1.03125,0.0,0.0,0.0,-0.25
writer_Dickens_into_Shakespeare,1,1.03125,0.0,0.0,0.015625,-0.125
writer_Dickens_into_Shakespeare,2,1.03125,0.015625,0.0,0.0,-0.015625
writer_Dickens_into_Shakespeare,3,1.03125,0.0,0.0,0.0,-0.0625
writer_Dickens_into_Shakespeare,4,1.03125,0.0,0.0,0.03125,-0.0625
writer_Dickens_into_Shakespeare,5,1.03125,0.0,0.0,0.015625,0.0
writer_Dickens_into_Shakespeare,6,1.03125,0.015625,-0.03125,-0.03125,-0.109375
writer_Dickens_into_Shakespeare,7,1.03125,0.015625,-0.03125,0.015625,0.015625
writer_Dickens_into_Shakespeare,8,1.03125,0.015625,-0.015625,0.0,-0.046875
writer_Dickens_into_Shakespeare,9,1.03125,0.015625,0.0,-0.03125,-0.046875
writer_Dickens_into_Shakespeare,10,1.03125,0.0,0.09375,-0.03125,-0.078125
writer_Dickens_into_Shakespeare,11,1.03125,0.0,0.0,-0.03125,0.0
writer_Dickens_into_Shakespeare,12,1.03125,0.0,0.0,0.015625,0.03125
writer_Dickens_into_Shakespeare,13,1.03125,0.0,-0.015625,-0.015625,0.0
writer_Dickens_into_Shakespeare,14,1.03125,0.015625,0.015625,-0.03125,0.046875
writer_Dickens_into_Shakespeare,15,1.03125,0.0,0.0,-0.015625,0.0
writer_Dickens_into_Shakespeare,16,1.03125,0.0,0.03125,-0.046875,0.0
writer_Dickens_into_Shakespeare,17,1.03125,0.03125,0.0,0.015625,-0.015625
writer_Dickens_into_Shakespeare,18,1.03125,0.015625,-0.015625,-0.015625,0.015625
writer_Dickens_into_Shakespeare,19,1.03125,0.015625,-0.015625,0.03125,0.0
writer_Dickens_into_Shakespeare,20,1.03125,0.0,0.015625,0.03125,0.015625
writer_Dickens_into_Shakespeare,21,1.03125,-0.015625,0.03125,0.015625,0.0
writer_Dickens_into_Shakespeare,22,1.03125,0.0,0.015625,-0.03125,0.0
writer_Dickens_into_Shakespeare,23,1.03125,0.046875,0.109375,0.015625,-0.015625
writer_Dickens_into_Shakespeare,24,1.03125,0.15625,0.171875,-0.0625,-0.015625
writer_Dickens_into_Shakespeare,25,1.03125,0.015625,0.0,0.046875,0.0
writer_Dickens_into_Shakespeare,26,1.03125,0.1875,0.25,0.046875,0.015625
writer_Dickens_into_Shakespeare,27,1.03125,0.078125,0.078125,0.0625,-0.015625
writer_Dickens_into_Shakespeare,28,1.03125,0.0,0.0,0.015625,-0.015625
writer_Dickens_into_Shakespeare,29,1.03125,0.03125,0.015625,0.046875,0.0
writer_Dickens_into_Shakespeare,30,1.03125,0.109375,0.125,-0.015625,0.0
writer_Dickens_into_Shakespeare,31,1.03125,0.09375,0.09375,0.015625,0.0
writer_Dickens_into_Shakespeare,32,1.03125,-0.015625,-0.015625,-0.015625,0.0
writer_Dickens_into_Shakespeare,33,1.03125,-0.015625,-0.03125,0.0,-0.015625
writer_Dickens_into_Shakespeare,34,1.03125,0.109375,0.125,0.078125,0.015625
writer_Dickens_into_Shakespeare,35,1.03125,0.09375,0.078125,-0.1171875,0.0
writer_Shakespeare_into_Dickens,0,1.0,0.0,0.0,0.078125,0.125
writer_Shakespeare_into_Dickens,1,1.0,0.0,-0.015625,0.03125,0.015625
writer_Shakespeare_into_Dickens,2,1.0,0.0,0.0,0.015625,0.015625
writer_Shakespeare_into_Dickens,3,1.0,-0.015625,-0.015625,-0.015625,-0.0625
writer_Shakespeare_into_Dickens,4,1.0,0.0,-0.015625,0.09375,-0.015625
writer_Shakespeare_into_Dickens,5,1.0,-0.015625,0.0,0.046875,0.015625
writer_Shakespeare_into_Dickens,6,1.0,-0.03125,0.0,-0.078125,0.0
writer_Shakespeare_into_Dickens,7,1.0,-0.015625,0.0,0.09375,0.03125
writer_Shakespeare_into_Dickens,8,1.0,-0.015625,0.0,-0.078125,-0.015625
writer_Shakespeare_into_Dickens,9,1.0,0.0,0.0,-0.03125,-0.015625
writer_Shakespeare_into_Dickens,10,1.0,0.0625,-0.015625,0.0,-0.015625
writer_Shakespeare_into_Dickens,11,1.0,0.0,0.015625,0.1875,-0.03125
writer_Shakespeare_into_Dickens,12,1.0,0.0,0.0,0.140625,-0.03125
writer_Shakespeare_into_Dickens,13,1.0,0.0,0.0,-0.015625,-0.015625
writer_Shakespeare_into_Dickens,14,1.0,0.015625,0.015625,-0.015625,0.0
writer_Shakespeare_into_Dickens,15,1.0,0.0,-0.015625,0.0625,-0.03125
writer_Shakespeare_into_Dickens,16,1.0,0.015625,0.0,-0.03125,0.015625
writer_Shakespeare_into_Dickens,17,1.0,0.0,0.015625,0.0,0.015625
writer_Shakespeare_into_Dickens,18,1.0,-0.015625,0.0,0.03125,0.0
writer_Shakespeare_into_Dickens,19,1.0,0.0,0.015625,0.03125,-0.015625
writer_Shakespeare_into_Dickens,20,1.0,0.0,0.0,0.046875,0.0
writer_Shakespeare_into_Dickens,21,1.0,0.0,-0.015625,0.03125,0.03125
writer_Shakespeare_into_Dickens,22,1.0,0.015625,0.0,0.015625,0.0
writer_Shakespeare_into_Dickens,23,1.0,0.09375,0.046875,0.046875,0.03125
writer_Shakespeare_into_Dickens,24,1.0,0.171875,0.140625,0.0625,0.0
writer_Shakespeare_into_Dickens,25,1.0,0.015625,-0.015625,-0.0625,-0.015625
writer_Shakespeare_into_Dickens,26,1.0,0.25,0.15625,-0.03125,-0.015625
writer_Shakespeare_into_Dickens,27,1.0,0.078125,0.0625,0.03125,-0.03125
writer_Shakespeare_into_Dickens,28,1.0,0.015625,0.0,-0.046875,-0.015625
writer_Shakespeare_into_Dickens,29,1.0,0.015625,0.03125,0.109375,-0.015625
writer_Shakespeare_into_Dickens,30,1.0,0.109375,0.109375,0.1875,0.0
writer_Shakespeare_into_Dickens,31,1.0,0.09375,0.078125,0.078125,0.015625
writer_Shakespeare_into_Dickens,32,1.0,-0.015625,-0.015625,-0.015625,0.0
writer_Shakespeare_into_Dickens,33,1.0,-0.015625,-0.03125,0.03125,0.0
writer_Shakespeare_into_Dickens,34,1.0,0.140625,0.09375,0.1875,0.015625
writer_Shakespeare_into_Dickens,35,1.0,0.09375,0.078125,-0.1328125,0.0
