pair_id,layer,subject_span,final_token,post_subject_including_final,post_subject_excluding_final,all_prompt_positions_oracle,unrelated_prefix_negative_control
city_Paris_into_Tokyo,0,0.9879518072289156,-0.012048192771084338,0.0,-0.012048192771084338,1.0,0.0
city_Paris_into_Tokyo,1,1.0,0.0,0.0,0.0,1.0,0.0
city_Paris_into_Tokyo,2,1.0,-0.012048192771084338,0.0,0.0,1.0,0.0
city_Paris_into_Tokyo,3,0.9759036144578314,0.0,-0.012048192771084338,0.0,1.0,0.0
city_Paris_into_Tokyo,4,0.9759036144578314,-0.012048192771084338,0.012048192771084338,0.0,1.0,0.0
city_Paris_into_Tokyo,5,0.9759036144578314,-0.012048192771084338,0.0,0.012048192771084338,1.0,0.0
city_Paris_into_Tokyo,6,0.963855421686747,-0.012048192771084338,0.012048192771084338,0.012048192771084338,1.0,0.0
city_Paris_into_Tokyo,7,0.963855421686747,-0.012048192771084338,0.012048192771084338,0.012048192771084338,1.0,0.0
city_Paris_into_Tokyo,8,0.963855421686747,-0.012048192771084338,0.012048192771084338,0.012048192771084338,1.0,0.0
city_Paris_into_Tokyo,9,0.927710843373494,0.012048192771084338,0.13253012048192772,0.10843373493975904,1.0,0.0
city_Paris_into_Tokyo,10,0.8674698795180723,0.0,0.21686746987951808,0.20481927710843373,1.0,0.0
city_Paris_into_Tokyo,11,0.8554216867469879,0.012048192771084338,0.24096385542168675,0.20481927710843373,1.0,0.0
city_Paris_into_Tokyo,12,0.8554216867469879,0.0,0.24096385542168675,0.1927710843373494,1.0,0.0
city_Paris_into_Tokyo,13,0.8674698795180723,0.0,0.21686746987951808,0.1927710843373494,1.0,0.0
city_Paris_into_Tokyo,14,0.8795180722891566,0.0,0.24096385542168675,0.20481927710843373,1.0,0.0
city_Paris_into_Tokyo,15,0.8795180722891566,0.0,0.20481927710843373,0.1927710843373494,1.0,0.0
city_Paris_into_Tokyo,16,0.8674698795180723,0.012048192771084338,0.21686746987951808,0.18072289156626506,1.0,0.0
city_Paris_into_Tokyo,17,0.8674698795180723,0.012048192771084338,0.2289156626506024,0.18072289156626506,1.0,0.0
city_Paris_into_Tokyo,18,0.8674698795180723,0.012048192771084338,0.21686746987951808,0.18072289156626506,1.0,0.0
city_Paris_into_Tokyo,19,0.8554216867469879,0.024096385542168676,0.21686746987951808,0.18072289156626506,1.0,0.0
city_Paris_into_Tokyo,20,0.8554216867469879,0.0,0.24096385542168675,0.1927710843373494,1.0,0.0
city_Paris_into_Tokyo,21,0.8433734939759037,0.012048192771084338,0.2289156626506024,0.1686746987951807,1.0,0.0
city_Paris_into_Tokyo,22,0.8313253012048193,0.012048192771084338,0.2289156626506024,0.18072289156626506,1.0,0.0
city_Paris_into_Tokyo,23,0.7831325301204819,0.0963855421686747,0.3373493975903614,0.1566265060240964,1.0,0.0
city_Paris_into_Tokyo,24,0.3132530120481928,0.5301204819277109,0.7710843373493976,0.24096385542168675,1.0,0.0
city_Paris_into_Tokyo,25,0.3132530120481928,0.5301204819277109,0.7710843373493976,0.24096385542168675,1.0,0.0
city_Paris_into_Tokyo,26,0.18072289156626506,0.6987951807228916,0.891566265060241,0.24096385542168675,1.0,0.0
city_Paris_into_Tokyo,27,0.1686746987951807,0.7349397590361446,0.891566265060241,0.21686746987951808,1.0,0.0
city_Paris_into_Tokyo,28,0.1566265060240964,0.7349397590361446,0.9036144578313253,0.21686746987951808,1.0,0.0
city_Paris_into_Tokyo,29,0.1566265060240964,0.7469879518072289,0.891566265060241,0.20481927710843373,1.0,0.0
city_Paris_into_Tokyo,30,0.1566265060240964,0.7590361445783133,0.891566265060241,0.18072289156626506,1.0,0.0
city_Paris_into_Tokyo,31,0.060240963855421686,0.8674698795180723,0.9518072289156626,0.0963855421686747,1.0,0.0
city_Paris_into_Tokyo,32,0.04819277108433735,0.8674698795180723,0.9518072289156626,0.0963855421686747,1.0,0.0
city_Paris_into_Tokyo,33,0.04819277108433735,0.8674698795180723,0.9518072289156626,0.08433734939759036,1.0,0.0
city_Paris_into_Tokyo,34,0.0,0.927710843373494,0.9879518072289156,0.07228915662650602,1.0,0.0
city_Paris_into_Tokyo,35,0.0,1.0,1.0,0.0,1.0,0.0
city_Tokyo_into_Paris,0,1.0,0.0,0.012048192771084338,0.012048192771084338,1.0,0.0
city_Tokyo_into_Paris,1,1.0,0.012048192771084338,0.0,0.012048192771084338,1.0,0.0
city_Tokyo_into_Paris,2,1.0,0.012048192771084338,0.0,0.012048192771084338,1.0,0.0
city_Tokyo_into_Paris,3,1.0120481927710843,0.012048192771084338,0.024096385542168676,0.012048192771084338,1.0,0.0
city_Tokyo_into_Paris,4,0.9879518072289156,0.0,0.024096385542168676,0.012048192771084338,1.0,0.0
city_Tokyo_into_Paris,5,1.0,0.024096385542168676,0.024096385542168676,0.024096385542168676,1.0,0.0
city_Tokyo_into_Paris,6,0.9879518072289156,0.012048192771084338,0.03614457831325301,0.03614457831325301,1.0,0.0
city_Tokyo_into_Paris,7,0.9879518072289156,0.024096385542168676,0.03614457831325301,0.024096385542168676,1.0,0.0
city_Tokyo_into_Paris,8,0.9879518072289156,0.012048192771084338,0.03614457831325301,0.03614457831325301,1.0,0.0
city_Tokyo_into_Paris,9,0.8674698795180723,0.012048192771084338,0.07228915662650602,0.07228915662650602,1.0,0.0
city_Tokyo_into_Paris,10,0.7831325301204819,0.012048192771084338,0.13253012048192772,0.10843373493975904,1.0,0.0
city_Tokyo_into_Paris,11,0.7590361445783133,0.024096385542168676,0.14457831325301204,0.12048192771084337,1.0,0.0
city_Tokyo_into_Paris,12,0.7590361445783133,0.03614457831325301,0.14457831325301204,0.10843373493975904,1.0,0.0
city_Tokyo_into_Paris,13,0.7831325301204819,0.03614457831325301,0.13253012048192772,0.08433734939759036,1.0,0.0
city_Tokyo_into_Paris,14,0.7590361445783133,0.03614457831325301,0.12048192771084337,0.08433734939759036,1.0,0.0
city_Tokyo_into_Paris,15,0.7951807228915663,0.03614457831325301,0.12048192771084337,0.08433734939759036,1.0,0.0
city_Tokyo_into_Paris,16,0.7831325301204819,0.04819277108433735,0.13253012048192772,0.08433734939759036,1.0,0.0
city_Tokyo_into_Paris,17,0.7710843373493976,0.060240963855421686,0.13253012048192772,0.07228915662650602,1.0,0.0
city_Tokyo_into_Paris,18,0.7831325301204819,0.04819277108433735,0.13253012048192772,0.08433734939759036,1.0,0.0
city_Tokyo_into_Paris,19,0.7831325301204819,0.060240963855421686,0.14457831325301204,0.07228915662650602,1.0,0.0
city_Tokyo_into_Paris,20,0.7590361445783133,0.060240963855421686,0.14457831325301204,0.07228915662650602,1.0,0.0
city_Tokyo_into_Paris,21,0.7710843373493976,0.060240963855421686,0.1566265060240964,0.07228915662650602,1.0,0.0
city_Tokyo_into_Paris,22,0.7710843373493976,0.07228915662650602,0.1686746987951807,0.07228915662650602,1.0,0.0
city_Tokyo_into_Paris,23,0.6626506024096386,0.13253012048192772,0.21686746987951808,0.07228915662650602,1.0,0.0
city_Tokyo_into_Paris,24,0.2289156626506024,0.43373493975903615,0.6867469879518072,0.18072289156626506,1.0,0.0
city_Tokyo_into_Paris,25,0.2289156626506024,0.43373493975903615,0.6867469879518072,0.18072289156626506,1.0,0.0
city_Tokyo_into_Paris,26,0.10843373493975904,0.5783132530120482,0.8192771084337349,0.1927710843373494,1.0,0.0
city_Tokyo_into_Paris,27,0.10843373493975904,0.6265060240963856,0.8313253012048193,0.1686746987951807,1.0,0.0
city_Tokyo_into_Paris,28,0.0963855421686747,0.6265060240963856,0.8433734939759037,0.1686746987951807,1.0,0.0
city_Tokyo_into_Paris,29,0.10843373493975904,0.6385542168674698,0.8433734939759037,0.1566265060240964,1.0,0.0
city_Tokyo_into_Paris,30,0.10843373493975904,0.6626506024096386,0.8433734939759037,0.14457831325301204,1.0,0.0
city_Tokyo_into_Paris,31,0.04819277108433735,0.8313253012048193,0.9397590361445783,0.0963855421686747,1.0,0.0
city_Tokyo_into_Paris,32,0.04819277108433735,0.8433734939759037,0.9518072289156626,0.0963855421686747,1.0,0.0
city_Tokyo_into_Paris,33,0.04819277108433735,0.8554216867469879,0.9518072289156626,0.0963855421686747,1.0,0.0
city_Tokyo_into_Paris,34,0.012048192771084338,0.927710843373494,1.0,0.07228915662650602,1.0,0.0
city_Tokyo_into_Paris,35,0.0,1.0,1.0,0.0,1.0,0.0
company_Apple_into_Google,0,0.9803921568627451,0.0,-0.0196078431372549,0.0,1.0,0.0
company_Apple_into_Google,1,1.0,0.0,-0.0196078431372549,0.0,1.0,0.0
company_Apple_into_Google,2,0.9803921568627451,0.0,0.0,0.0,1.0,0.0
company_Apple_into_Google,3,0.9803921568627451,0.0,0.0,-0.0196078431372549,1.0,0.0
company_Apple_into_Google,4,0.9803921568627451,-0.0196078431372549,0.0,0.0,1.0,0.0
company_Apple_into_Google,5,0.9803921568627451,-0.0196078431372549,0.0,0.0196078431372549,1.0,0.0
company_Apple_into_Google,6,0.9803921568627451,0.0,0.0196078431372549,0.0196078431372549,1.0,0.0
company_Apple_into_Google,7,0.9607843137254902,0.0,0.0196078431372549,0.0392156862745098,1.0,0.0
company_Apple_into_Google,8,0.9411764705882353,0.0,0.0196078431372549,0.0196078431372549,1.0,0.0
company_Apple_into_Google,9,0.8627450980392157,-0.0196078431372549,0.13725490196078433,0.11764705882352941,1.0,0.0
company_Apple_into_Google,10,0.8431372549019608,0.0,0.13725490196078433,0.11764705882352941,1.0,0.0
company_Apple_into_Google,11,0.803921568627451,0.0196078431372549,0.1568627450980392,0.13725490196078433,1.0,0.0
company_Apple_into_Google,12,0.803921568627451,0.0,0.13725490196078433,0.11764705882352941,1.0,0.0
company_Apple_into_Google,13,0.803921568627451,0.0,0.13725490196078433,0.13725490196078433,1.0,0.0
company_Apple_into_Google,14,0.7843137254901961,0.0,0.13725490196078433,0.13725490196078433,1.0,0.0
company_Apple_into_Google,15,0.7843137254901961,0.0,0.11764705882352941,0.11764705882352941,1.0,0.0
company_Apple_into_Google,16,0.7843137254901961,0.0,0.11764705882352941,0.11764705882352941,1.0,0.0
company_Apple_into_Google,17,0.7843137254901961,0.0,0.1568627450980392,0.1568627450980392,1.0,0.0
company_Apple_into_Google,18,0.7647058823529411,0.0,0.1568627450980392,0.1568627450980392,1.0,0.0
company_Apple_into_Google,19,0.7647058823529411,-0.0196078431372549,0.17647058823529413,0.17647058823529413,1.0,0.0
company_Apple_into_Google,20,0.7450980392156863,-0.0196078431372549,0.17647058823529413,0.19607843137254902,1.0,0.0
company_Apple_into_Google,21,0.7450980392156863,0.0,0.19607843137254902,0.17647058823529413,1.0,0.0
company_Apple_into_Google,22,0.7254901960784313,0.0,0.19607843137254902,0.19607843137254902,1.0,0.0
company_Apple_into_Google,23,0.6470588235294118,0.11764705882352941,0.3137254901960784,0.17647058823529413,1.0,0.0
company_Apple_into_Google,24,0.37254901960784315,0.35294117647058826,0.6470588235294118,0.2549019607843137,1.0,0.0
company_Apple_into_Google,25,0.35294117647058826,0.37254901960784315,0.6666666666666666,0.2549019607843137,1.0,0.0
company_Apple_into_Google,26,0.17647058823529413,0.47058823529411764,0.7843137254901961,0.3137254901960784,1.0,0.0
company_Apple_into_Google,27,0.1568627450980392,0.5098039215686274,0.8235294117647058,0.3137254901960784,1.0,0.0
company_Apple_into_Google,28,0.1568627450980392,0.5098039215686274,0.8235294117647058,0.3137254901960784,1.0,0.0
company_Apple_into_Google,29,0.13725490196078433,0.5490196078431373,0.8627450980392157,0.3333333333333333,1.0,0.0
company_Apple_into_Google,30,0.11764705882352941,0.5686274509803921,0.8431372549019608,0.3137254901960784,1.0,0.0
company_Apple_into_Google,31,0.09803921568627451,0.6862745098039216,0.8823529411764706,0.19607843137254902,1.0,0.0
company_Apple_into_Google,32,0.0784313725490196,0.7058823529411765,0.9019607843137255,0.19607843137254902,1.0,0.0
company_Apple_into_Google,33,0.0784313725490196,0.7843137254901961,0.9215686274509803,0.11764705882352941,1.0,0.0
company_Apple_into_Google,34,0.0,0.9019607843137255,1.0,0.09803921568627451,1.0,0.0
company_Apple_into_Google,35,0.0,1.0,1.0,0.0,1.0,0.0
company_Google_into_Apple,0,1.0196078431372548,0.0,0.0196078431372549,0.0,1.0,0.0
company_Google_into_Apple,1,1.0196078431372548,0.0,0.0,0.0196078431372549,1.0,0.0
company_Google_into_Apple,2,1.0,0.0,0.0196078431372549,0.0196078431372549,1.0,0.0
company_Google_into_Apple,3,1.0,0.0,0.0196078431372549,0.0196078431372549,1.0,0.0
company_Google_into_Apple,4,1.0,0.0196078431372549,0.0196078431372549,0.0196078431372549,1.0,0.0
company_Google_into_Apple,5,1.0,0.0196078431372549,0.0196078431372549,0.0196078431372549,1.0,0.0
company_Google_into_Apple,6,0.9803921568627451,0.0196078431372549,0.0196078431372549,0.0392156862745098,1.0,0.0
company_Google_into_Apple,7,0.9803921568627451,0.0,0.0392156862745098,0.0392156862745098,1.0,0.0
company_Google_into_Apple,8,0.9803921568627451,0.0,0.058823529411764705,0.0392156862745098,1.0,0.0
company_Google_into_Apple,9,0.8627450980392157,0.0196078431372549,0.13725490196078433,0.11764705882352941,1.0,0.0
company_Google_into_Apple,10,0.8627450980392157,0.0196078431372549,0.1568627450980392,0.1568627450980392,1.0,0.0
company_Google_into_Apple,11,0.8431372549019608,0.0,0.19607843137254902,0.17647058823529413,1.0,0.0
company_Google_into_Apple,12,0.8627450980392157,0.0196078431372549,0.19607843137254902,0.17647058823529413,1.0,0.0
company_Google_into_Apple,13,0.8627450980392157,0.0196078431372549,0.19607843137254902,0.19607843137254902,1.0,0.0
company_Google_into_Apple,14,0.8627450980392157,0.0196078431372549,0.21568627450980393,0.19607843137254902,1.0,0.0
company_Google_into_Apple,15,0.8823529411764706,0.0196078431372549,0.21568627450980393,0.21568627450980393,1.0,0.0
company_Google_into_Apple,16,0.8823529411764706,0.0392156862745098,0.21568627450980393,0.19607843137254902,1.0,0.0
company_Google_into_Apple,17,0.8431372549019608,0.0392156862745098,0.21568627450980393,0.19607843137254902,1.0,0.0
company_Google_into_Apple,18,0.8431372549019608,0.0196078431372549,0.23529411764705882,0.21568627450980393,1.0,0.0
company_Google_into_Apple,19,0.8235294117647058,0.0392156862745098,0.23529411764705882,0.21568627450980393,1.0,0.0
company_Google_into_Apple,20,0.8235294117647058,0.0392156862745098,0.2549019607843137,0.21568627450980393,1.0,0.0
company_Google_into_Apple,21,0.803921568627451,0.0392156862745098,0.2549019607843137,0.19607843137254902,1.0,0.0
company_Google_into_Apple,22,0.803921568627451,0.058823529411764705,0.27450980392156865,0.19607843137254902,1.0,0.0
company_Google_into_Apple,23,0.6862745098039216,0.1568627450980392,0.35294117647058826,0.17647058823529413,1.0,0.0
company_Google_into_Apple,24,0.35294117647058826,0.37254901960784315,0.6274509803921569,0.23529411764705882,1.0,0.0
company_Google_into_Apple,25,0.3333333333333333,0.39215686274509803,0.6470588235294118,0.2549019607843137,1.0,0.0
company_Google_into_Apple,26,0.21568627450980393,0.47058823529411764,0.8235294117647058,0.3333333333333333,1.0,0.0
company_Google_into_Apple,27,0.17647058823529413,0.5294117647058824,0.8431372549019608,0.3137254901960784,1.0,0.0
company_Google_into_Apple,28,0.17647058823529413,0.5294117647058824,0.8431372549019608,0.3137254901960784,1.0,0.0
company_Google_into_Apple,29,0.13725490196078433,0.5490196078431373,0.8627450980392157,0.3137254901960784,1.0,0.0
company_Google_into_Apple,30,0.1568627450980392,0.5686274509803921,0.8823529411764706,0.29411764705882354,1.0,0.0
company_Google_into_Apple,31,0.11764705882352941,0.7058823529411765,0.9019607843137255,0.19607843137254902,1.0,0.0
company_Google_into_Apple,32,0.09803921568627451,0.7254901960784313,0.9215686274509803,0.19607843137254902,1.0,0.0
company_Google_into_Apple,33,0.0784313725490196,0.7843137254901961,0.9215686274509803,0.13725490196078433,1.0,0.0
company_Google_into_Apple,34,0.0,0.9215686274509803,1.0,0.09803921568627451,1.0,0.0
company_Google_into_Apple,35,0.0,1.0,1.0,0.0,1.0,0.0
composer_Bach_into_Mozart,0,0.9642857142857143,0.0,0.0,0.017857142857142856,1.0,0.0
composer_Bach_into_Mozart,1,1.0,0.0,0.0,0.0,1.0,0.0
composer_Bach_into_Mozart,2,1.0178571428571428,0.0,0.0,0.017857142857142856,1.0,0.0
composer_Bach_into_Mozart,3,1.0535714285714286,0.0,0.03571428571428571,0.03571428571428571,1.0,0.0
composer_Bach_into_Mozart,4,1.0714285714285714,0.0,0.05357142857142857,0.03571428571428571,1.0,0.0
composer_Bach_into_Mozart,5,1.0892857142857142,0.017857142857142856,0.03571428571428571,0.03571428571428571,1.0,0.0
composer_Bach_into_Mozart,6,1.1071428571428572,0.017857142857142856,0.05357142857142857,0.03571428571428571,1.0,0.0
composer_Bach_into_Mozart,7,1.0892857142857142,0.017857142857142856,0.03571428571428571,0.03571428571428571,1.0,0.0
composer_Bach_into_Mozart,8,1.0714285714285714,0.0,0.03571428571428571,0.03571428571428571,1.0,0.0
composer_Bach_into_Mozart,9,1.0535714285714286,0.0,0.03571428571428571,0.03571428571428571,1.0,0.0
composer_Bach_into_Mozart,10,1.0,0.017857142857142856,0.03571428571428571,0.03571428571428571,1.0,0.0
composer_Bach_into_Mozart,11,0.9821428571428571,0.0,0.03571428571428571,0.017857142857142856,1.0,0.0
composer_Bach_into_Mozart,12,0.9821428571428571,0.017857142857142856,0.03571428571428571,0.017857142857142856,1.0,0.0
composer_Bach_into_Mozart,13,0.9642857142857143,0.017857142857142856,0.03571428571428571,0.017857142857142856,1.0,0.0
composer_Bach_into_Mozart,14,0.9642857142857143,0.0,0.03571428571428571,0.017857142857142856,1.0,0.0
composer_Bach_into_Mozart,15,0.9642857142857143,0.0,0.03571428571428571,0.03571428571428571,1.0,0.0
composer_Bach_into_Mozart,16,0.9642857142857143,0.0,0.03571428571428571,0.03571428571428571,1.0,0.0
composer_Bach_into_Mozart,17,0.9642857142857143,0.0,0.03571428571428571,0.05357142857142857,1.0,0.0
composer_Bach_into_Mozart,18,0.9642857142857143,0.017857142857142856,0.03571428571428571,0.03571428571428571,1.0,0.0
composer_Bach_into_Mozart,19,0.9464285714285714,0.0,0.05357142857142857,0.03571428571428571,1.0,0.0
composer_Bach_into_Mozart,20,0.9464285714285714,0.017857142857142856,0.05357142857142857,0.05357142857142857,1.0,0.0
composer_Bach_into_Mozart,21,0.9107142857142857,0.03571428571428571,0.07142857142857142,0.05357142857142857,1.0,0.0
composer_Bach_into_Mozart,22,0.8928571428571429,0.03571428571428571,0.08928571428571429,0.05357142857142857,1.0,0.0
composer_Bach_into_Mozart,23,0.7857142857142857,0.14285714285714285,0.23214285714285715,0.08928571428571429,1.0,0.0
composer_Bach_into_Mozart,24,0.6071428571428571,0.2857142857142857,0.44642857142857145,0.16071428571428573,1.0,0.0
composer_Bach_into_Mozart,25,0.6071428571428571,0.26785714285714285,0.42857142857142855,0.14285714285714285,1.0,0.0
composer_Bach_into_Mozart,26,0.35714285714285715,0.5178571428571429,0.7321428571428571,0.21428571428571427,1.0,0.0
composer_Bach_into_Mozart,27,0.32142857142857145,0.5535714285714286,0.7678571428571429,0.17857142857142858,1.0,0.0
composer_Bach_into_Mozart,28,0.32142857142857145,0.5357142857142857,0.7678571428571429,0.16071428571428573,1.0,0.0
composer_Bach_into_Mozart,29,0.25,0.6607142857142857,0.8035714285714286,0.125,1.0,0.0
composer_Bach_into_Mozart,30,0.26785714285714285,0.6785714285714286,0.8214285714285714,0.125,1.0,0.0
composer_Bach_into_Mozart,31,0.21428571428571427,0.7678571428571429,0.8571428571428571,0.08928571428571429,1.0,0.0
composer_Bach_into_Mozart,32,0.10714285714285714,0.875,0.9642857142857143,0.08928571428571429,1.0,0.0
composer_Bach_into_Mozart,33,0.14285714285714285,0.7857142857142857,0.8571428571428571,0.07142857142857142,1.0,0.0
composer_Bach_into_Mozart,34,0.0,0.9285714285714286,1.0,0.05357142857142857,1.0,0.0
composer_Bach_into_Mozart,35,0.0,1.0,1.0,0.0,1.0,0.0
composer_Mozart_into_Bach,0,1.0,0.0,0.03571428571428571,0.05357142857142857,1.0,0.0
composer_Mozart_into_Bach,1,1.0,0.017857142857142856,0.0,-0.017857142857142856,1.0,0.0
composer_Mozart_into_Bach,2,1.0,0.0,-0.017857142857142856,-0.017857142857142856,1.0,0.0
composer_Mozart_into_Bach,3,0.9642857142857143,0.0,-0.05357142857142857,-0.08928571428571429,1.0,0.0
composer_Mozart_into_Bach,4,0.9464285714285714,0.017857142857142856,-0.07142857142857142,-0.08928571428571429,1.0,0.0
composer_Mozart_into_Bach,5,0.9642857142857143,-0.017857142857142856,-0.08928571428571429,-0.07142857142857142,1.0,0.0
composer_Mozart_into_Bach,6,0.9464285714285714,-0.05357142857142857,-0.10714285714285714,-0.08928571428571429,1.0,0.0
composer_Mozart_into_Bach,7,0.9642857142857143,-0.03571428571428571,-0.08928571428571429,-0.07142857142857142,1.0,0.0
composer_Mozart_into_Bach,8,0.9642857142857143,-0.017857142857142856,-0.07142857142857142,-0.07142857142857142,1.0,0.0
composer_Mozart_into_Bach,9,0.9642857142857143,-0.017857142857142856,-0.05357142857142857,-0.05357142857142857,1.0,0.0
composer_Mozart_into_Bach,10,0.9642857142857143,-0.05357142857142857,0.0,0.07142857142857142,1.0,0.0
composer_Mozart_into_Bach,11,0.9642857142857143,-0.017857142857142856,0.017857142857142856,0.03571428571428571,1.0,0.0
composer_Mozart_into_Bach,12,0.9642857142857143,-0.05357142857142857,0.017857142857142856,0.07142857142857142,1.0,0.0
composer_Mozart_into_Bach,13,0.9642857142857143,-0.05357142857142857,0.03571428571428571,0.07142857142857142,1.0,0.0
composer_Mozart_into_Bach,14,0.9642857142857143,-0.03571428571428571,0.03571428571428571,0.07142857142857142,1.0,0.0
composer_Mozart_into_Bach,15,0.9642857142857143,-0.017857142857142856,0.03571428571428571,0.05357142857142857,1.0,0.0
composer_Mozart_into_Bach,16,0.9642857142857143,-0.017857142857142856,0.03571428571428571,0.03571428571428571,1.0,0.0
composer_Mozart_into_Bach,17,0.9642857142857143,-0.017857142857142856,0.03571428571428571,0.03571428571428571,1.0,0.0
composer_Mozart_into_Bach,18,0.9642857142857143,-0.03571428571428571,0.03571428571428571,0.03571428571428571,1.0,0.0
composer_Mozart_into_Bach,19,0.9464285714285714,0.0,0.05357142857142857,0.03571428571428571,1.0,0.0
composer_Mozart_into_Bach,20,0.9464285714285714,0.0,0.05357142857142857,0.03571428571428571,1.0,0.0
composer_Mozart_into_Bach,21,0.9285714285714286,0.017857142857142856,0.08928571428571429,0.03571428571428571,1.0,0.0
composer_Mozart_into_Bach,22,0.9107142857142857,0.03571428571428571,0.10714285714285714,0.05357142857142857,1.0,0.0
composer_Mozart_into_Bach,23,0.7678571428571429,0.07142857142857142,0.21428571428571427,0.10714285714285714,1.0,0.0
composer_Mozart_into_Bach,24,0.5535714285714286,0.21428571428571427,0.39285714285714285,0.16071428571428573,1.0,0.0
composer_Mozart_into_Bach,25,0.5714285714285714,0.19642857142857142,0.39285714285714285,0.16071428571428573,1.0,0.0
composer_Mozart_into_Bach,26,0.26785714285714285,0.42857142857142855,0.6428571428571429,0.23214285714285715,1.0,0.0
composer_Mozart_into_Bach,27,0.23214285714285715,0.4642857142857143,0.6785714285714286,0.19642857142857142,1.0,0.0
composer_Mozart_into_Bach,28,0.23214285714285715,0.48214285714285715,0.6785714285714286,0.19642857142857142,1.0,0.0
composer_Mozart_into_Bach,29,0.19642857142857142,0.5714285714285714,0.75,0.17857142857142858,1.0,0.0
composer_Mozart_into_Bach,30,0.17857142857142858,0.5892857142857143,0.7321428571428571,0.16071428571428573,1.0,0.0
composer_Mozart_into_Bach,31,0.14285714285714285,0.6964285714285714,0.7857142857142857,0.10714285714285714,1.0,0.0
composer_Mozart_into_Bach,32,0.03571428571428571,0.8214285714285714,0.8928571428571429,0.08928571428571429,1.0,0.0
composer_Mozart_into_Bach,33,0.14285714285714285,0.7857142857142857,0.8571428571428571,0.07142857142857142,1.0,0.0
composer_Mozart_into_Bach,34,0.0,0.9464285714285714,1.0,0.07142857142857142,1.0,0.0
composer_Mozart_into_Bach,35,0.0,1.0,1.0,0.0,1.0,0.0
country_France_into_Japan,0,1.0114942528735633,0.0,0.011494252873563218,0.011494252873563218,1.0,0.0
country_France_into_Japan,1,1.0114942528735633,0.0,0.011494252873563218,0.011494252873563218,1.0,0.0
country_France_into_Japan,2,1.0114942528735633,0.0,0.011494252873563218,0.011494252873563218,1.0,0.0
country_France_into_Japan,3,1.0114942528735633,0.0,0.011494252873563218,0.011494252873563218,1.0,0.0
country_France_into_Japan,4,1.0114942528735633,0.0,0.0,0.011494252873563218,1.0,0.0
country_France_into_Japan,5,1.0114942528735633,0.0,0.011494252873563218,0.011494252873563218,1.0,0.0
country_France_into_Japan,6,1.0114942528735633,0.0,0.022988505747126436,0.022988505747126436,1.0,0.0
country_France_into_Japan,7,1.0114942528735633,0.011494252873563218,0.022988505747126436,0.011494252873563218,1.0,0.0
country_France_into_Japan,8,0.9885057471264368,0.011494252873563218,0.022988505747126436,0.022988505747126436,1.0,0.0
country_France_into_Japan,9,0.9425287356321839,0.022988505747126436,0.08045977011494253,0.05747126436781609,1.0,0.0
country_France_into_Japan,10,0.9195402298850575,0.011494252873563218,0.10344827586206896,0.08045977011494253,1.0,0.0
country_France_into_Japan,11,0.9195402298850575,0.022988505747126436,0.10344827586206896,0.09195402298850575,1.0,0.0
country_France_into_Japan,12,0.9195402298850575,0.011494252873563218,0.10344827586206896,0.08045977011494253,1.0,0.0
country_France_into_Japan,13,0.9195402298850575,0.011494252873563218,0.09195402298850575,0.09195402298850575,1.0,0.0
country_France_into_Japan,14,0.9195402298850575,0.022988505747126436,0.10344827586206896,0.08045977011494253,1.0,0.0
country_France_into_Japan,15,0.9195402298850575,0.022988505747126436,0.10344827586206896,0.08045977011494253,1.0,0.0
country_France_into_Japan,16,0.9080459770114943,0.011494252873563218,0.10344827586206896,0.08045977011494253,1.0,0.0
country_France_into_Japan,17,0.896551724137931,0.011494252873563218,0.10344827586206896,0.08045977011494253,1.0,0.0
country_France_into_Japan,18,0.896551724137931,0.022988505747126436,0.11494252873563218,0.08045977011494253,1.0,0.0
country_France_into_Japan,19,0.896551724137931,0.011494252873563218,0.11494252873563218,0.09195402298850575,1.0,0.0
country_France_into_Japan,20,0.896551724137931,0.022988505747126436,0.11494252873563218,0.08045977011494253,1.0,0.0
country_France_into_Japan,21,0.8735632183908046,0.022988505747126436,0.11494252873563218,0.08045977011494253,1.0,0.0
country_France_into_Japan,22,0.8735632183908046,0.011494252873563218,0.11494252873563218,0.08045977011494253,1.0,0.0
country_France_into_Japan,23,0.8160919540229885,0.08045977011494253,0.16091954022988506,0.06896551724137931,1.0,0.0
country_France_into_Japan,24,0.3103448275862069,0.367816091954023,0.6551724137931034,0.21839080459770116,1.0,0.0
country_France_into_Japan,25,0.3103448275862069,0.367816091954023,0.6551724137931034,0.21839080459770116,1.0,0.0
country_France_into_Japan,26,0.16091954022988506,0.5517241379310345,0.8275862068965517,0.25287356321839083,1.0,0.0
country_France_into_Japan,27,0.14942528735632185,0.6551724137931034,0.8620689655172413,0.21839080459770116,1.0,0.0
country_France_into_Japan,28,0.14942528735632185,0.6551724137931034,0.8620689655172413,0.20689655172413793,1.0,0.0
country_France_into_Japan,29,0.16091954022988506,0.6666666666666666,0.8505747126436781,0.20689655172413793,1.0,0.0
country_France_into_Japan,30,0.16091954022988506,0.6896551724137931,0.8620689655172413,0.19540229885057472,1.0,0.0
country_France_into_Japan,31,0.05747126436781609,0.8275862068965517,0.9425287356321839,0.16091954022988506,1.0,0.0
country_France_into_Japan,32,0.05747126436781609,0.8275862068965517,0.9540229885057471,0.14942528735632185,1.0,0.0
country_France_into_Japan,33,0.04597701149425287,0.8390804597701149,0.9655172413793104,0.14942528735632185,1.0,0.0
country_France_into_Japan,34,0.0,0.9080459770114943,1.0114942528735633,0.12643678160919541,1.0,0.0
country_France_into_Japan,35,0.0,1.0,1.0,0.0,1.0,0.0
country_Japan_into_France,0,0.9885057471264368,-0.011494252873563218,-0.011494252873563218,-0.022988505747126436,1.0,0.0
country_Japan_into_France,1,0.9885057471264368,-0.011494252873563218,-0.011494252873563218,-0.022988505747126436,1.0,0.0
country_Japan_into_France,2,0.9885057471264368,-0.011494252873563218,-0.011494252873563218,-0.011494252873563218,1.0,0.0
country_Japan_into_France,3,0.9885057471264368,-0.011494252873563218,-0.011494252873563218,-0.011494252873563218,1.0,0.0
country_Japan_into_France,4,1.0,-0.011494252873563218,-0.011494252873563218,-0.011494252873563218,1.0,0.0
country_Japan_into_France,5,0.9885057471264368,-0.011494252873563218,-0.011494252873563218,0.0,1.0,0.0
country_Japan_into_France,6,0.9770114942528736,0.0,-0.011494252873563218,-0.011494252873563218,1.0,0.0
country_Japan_into_France,7,0.9770114942528736,-0.011494252873563218,-0.011494252873563218,-0.011494252873563218,1.0,0.0
country_Japan_into_France,8,0.9770114942528736,-0.011494252873563218,0.011494252873563218,0.0,1.0,0.0
country_Japan_into_France,9,0.9195402298850575,0.0,0.05747126436781609,0.04597701149425287,1.0,0.0
country_Japan_into_France,10,0.896551724137931,0.011494252873563218,0.08045977011494253,0.06896551724137931,1.0,0.0
country_Japan_into_France,11,0.896551724137931,0.011494252873563218,0.08045977011494253,0.05747126436781609,1.0,0.0
country_Japan_into_France,12,0.896551724137931,0.011494252873563218,0.08045977011494253,0.06896551724137931,1.0,0.0
country_Japan_into_France,13,0.9080459770114943,0.011494252873563218,0.08045977011494253,0.05747126436781609,1.0,0.0
country_Japan_into_France,14,0.896551724137931,0.011494252873563218,0.08045977011494253,0.06896551724137931,1.0,0.0
country_Japan_into_France,15,0.896551724137931,0.011494252873563218,0.08045977011494253,0.06896551724137931,1.0,0.0
country_Japan_into_France,16,0.896551724137931,0.011494252873563218,0.09195402298850575,0.08045977011494253,1.0,0.0
country_Japan_into_France,17,0.896551724137931,0.022988505747126436,0.10344827586206896,0.06896551724137931,1.0,0.0
country_Japan_into_France,18,0.8850574712643678,0.022988505747126436,0.10344827586206896,0.06896551724137931,1.0,0.0
country_Japan_into_France,19,0.8850574712643678,0.011494252873563218,0.10344827586206896,0.08045977011494253,1.0,0.0
country_Japan_into_France,20,0.8850574712643678,0.011494252873563218,0.10344827586206896,0.08045977011494253,1.0,0.0
country_Japan_into_France,21,0.8850574712643678,0.022988505747126436,0.12643678160919541,0.08045977011494253,1.0,0.0
country_Japan_into_France,22,0.8850574712643678,0.022988505747126436,0.12643678160919541,0.06896551724137931,1.0,0.0
country_Japan_into_France,23,0.8390804597701149,0.05747126436781609,0.1839080459770115,0.09195402298850575,1.0,0.0
country_Japan_into_France,24,0.3448275862068966,0.41379310344827586,0.6896551724137931,0.22988505747126436,1.0,0.0
country_Japan_into_France,25,0.3448275862068966,0.41379310344827586,0.6896551724137931,0.22988505747126436,1.0,0.0
country_Japan_into_France,26,0.1724137931034483,0.5977011494252874,0.8390804597701149,0.2413793103448276,1.0,0.0
country_Japan_into_France,27,0.13793103448275862,0.6551724137931034,0.8505747126436781,0.19540229885057472,1.0,0.0
country_Japan_into_France,28,0.13793103448275862,0.6551724137931034,0.8505747126436781,0.19540229885057472,1.0,0.0
country_Japan_into_France,29,0.14942528735632185,0.6551724137931034,0.8390804597701149,0.1839080459770115,1.0,0.0
country_Japan_into_France,30,0.13793103448275862,0.6781609195402298,0.8390804597701149,0.1724137931034483,1.0,0.0
country_Japan_into_France,31,0.05747126436781609,0.7931034482758621,0.9425287356321839,0.11494252873563218,1.0,0.0
country_Japan_into_France,32,0.04597701149425287,0.7816091954022989,0.9425287356321839,0.11494252873563218,1.0,0.0
country_Japan_into_France,33,0.034482758620689655,0.8045977011494253,0.9540229885057471,0.11494252873563218,1.0,0.0
country_Japan_into_France,34,-0.011494252873563218,0.8735632183908046,1.0,0.10344827586206896,1.0,0.0
country_Japan_into_France,35,0.0,1.0,1.0,0.0,1.0,0.0
scientist_Darwin_into_Einstein,0,1.0,0.0,-0.019230769230769232,-0.019230769230769232,1.0,0.0
scientist_Darwin_into_Einstein,1,1.0,0.0,-0.019230769230769232,-0.019230769230769232,1.0,0.0
scientist_Darwin_into_Einstein,2,0.9903846153846154,0.009615384615384616,-0.028846153846153848,-0.028846153846153848,1.0,0.0
scientist_Darwin_into_Einstein,3,0.9807692307692307,0.0,-0.07692307692307693,-0.09615384615384616,1.0,0.0
scientist_Darwin_into_Einstein,4,0.9711538461538461,0.0,-0.09615384615384616,-0.09615384615384616,1.0,0.0
scientist_Darwin_into_Einstein,5,0.9711538461538461,0.009615384615384616,-0.1346153846153846,-0.09615384615384616,1.0,0.0
scientist_Darwin_into_Einstein,6,0.9615384615384616,0.009615384615384616,-0.1346153846153846,-0.10576923076923077,1.0,0.0
scientist_Darwin_into_Einstein,7,0.9615384615384616,-0.009615384615384616,-0.125,-0.08653846153846154,1.0,0.0
scientist_Darwin_into_Einstein,8,0.9615384615384616,-0.019230769230769232,-0.19230769230769232,-0.1346153846153846,1.0,0.0
scientist_Darwin_into_Einstein,9,0.9038461538461539,-0.028846153846153848,-0.17307692307692307,-0.18269230769230768,1.0,0.0
scientist_Darwin_into_Einstein,10,0.8846153846153846,-0.08653846153846154,-0.20192307692307693,-0.10576923076923077,1.0,0.0
scientist_Darwin_into_Einstein,11,0.8461538461538461,-0.1346153846153846,-0.14423076923076922,0.019230769230769232,1.0,0.0
scientist_Darwin_into_Einstein,12,0.8461538461538461,-0.1346153846153846,-0.14423076923076922,0.009615384615384616,1.0,0.0
scientist_Darwin_into_Einstein,13,0.8461538461538461,-0.11538461538461539,-0.15384615384615385,-0.009615384615384616,1.0,0.0
scientist_Darwin_into_Einstein,14,0.8365384615384616,-0.14423076923076922,-0.1346153846153846,0.0,1.0,0.0
scientist_Darwin_into_Einstein,15,0.8269230769230769,-0.14423076923076922,-0.1346153846153846,0.0,1.0,0.0
scientist_Darwin_into_Einstein,16,0.8173076923076923,-0.16346153846153846,-0.125,0.009615384615384616,1.0,0.0
scientist_Darwin_into_Einstein,17,0.8173076923076923,-0.20192307692307693,-0.125,0.038461538461538464,1.0,0.0
scientist_Darwin_into_Einstein,18,0.7980769230769231,-0.18269230769230768,-0.10576923076923077,0.04807692307692308,1.0,0.0
scientist_Darwin_into_Einstein,19,0.8076923076923077,-0.17307692307692307,-0.10576923076923077,0.04807692307692308,1.0,0.0
scientist_Darwin_into_Einstein,20,0.7980769230769231,-0.16346153846153846,-0.09615384615384616,0.057692307692307696,1.0,0.0
scientist_Darwin_into_Einstein,21,0.7788461538461539,-0.15384615384615385,-0.08653846153846154,0.057692307692307696,1.0,0.0
scientist_Darwin_into_Einstein,22,0.7596153846153846,-0.15384615384615385,-0.08653846153846154,0.04807692307692308,1.0,0.0
scientist_Darwin_into_Einstein,23,0.5096153846153846,-0.15384615384615385,0.009615384615384616,0.09615384615384616,1.0,0.0
scientist_Darwin_into_Einstein,24,0.19230769230769232,0.028846153846153848,0.33653846153846156,0.17307692307692307,1.0,0.0
scientist_Darwin_into_Einstein,25,0.19230769230769232,0.038461538461538464,0.3269230769230769,0.15384615384615385,1.0,0.0
scientist_Darwin_into_Einstein,26,0.057692307692307696,0.3173076923076923,0.5961538461538461,0.17307692307692307,1.0,0.0
scientist_Darwin_into_Einstein,27,0.019230769230769232,0.5192307692307693,0.7307692307692307,0.16346153846153846,1.0,0.0
scientist_Darwin_into_Einstein,28,0.028846153846153848,0.5288461538461539,0.7115384615384616,0.15384615384615385,1.0,0.0
scientist_Darwin_into_Einstein,29,0.057692307692307696,0.6153846153846154,0.7692307692307693,0.125,1.0,0.0
scientist_Darwin_into_Einstein,30,0.038461538461538464,0.6923076923076923,0.7788461538461539,0.07692307692307693,1.0,0.0
scientist_Darwin_into_Einstein,31,0.04807692307692308,0.7788461538461539,0.8653846153846154,0.057692307692307696,1.0,0.0
scientist_Darwin_into_Einstein,32,0.09615384615384616,0.8365384615384616,0.9134615384615384,0.057692307692307696,1.0,0.0
scientist_Darwin_into_Einstein,33,0.04807692307692308,0.8557692307692307,0.9230769230769231,0.038461538461538464,1.0,0.0
scientist_Darwin_into_Einstein,34,0.0,0.9326923076923077,0.9903846153846154,0.038461538461538464,1.0,0.0
scientist_Darwin_into_Einstein,35,0.0,1.0,1.0,0.0,1.0,0.0
scientist_Darwin_into_Newton,0,0.905982905982906,0.0,-0.05128205128205128,-0.02564102564102564,1.0,0.0
scientist_Darwin_into_Newton,1,0.8974358974358975,-0.008547008547008548,-0.03418803418803419,-0.042735042735042736,1.0,0.0
scientist_Darwin_into_Newton,2,0.8974358974358975,-0.008547008547008548,-0.03418803418803419,-0.042735042735042736,1.0,0.0
scientist_Darwin_into_Newton,3,0.8888888888888888,-0.02564102564102564,-0.03418803418803419,-0.017094017094017096,1.0,0.0
scientist_Darwin_into_Newton,4,0.8974358974358975,-0.02564102564102564,-0.02564102564102564,-0.042735042735042736,1.0,0.0
scientist_Darwin_into_Newton,5,0.8888888888888888,-0.042735042735042736,-0.017094017094017096,-0.03418803418803419,1.0,0.0
scientist_Darwin_into_Newton,6,0.8974358974358975,-0.03418803418803419,-0.042735042735042736,-0.05128205128205128,1.0,0.0
scientist_Darwin_into_Newton,7,0.8974358974358975,-0.03418803418803419,-0.042735042735042736,-0.05982905982905983,1.0,0.0
scientist_Darwin_into_Newton,8,0.8888888888888888,-0.05128205128205128,-0.05982905982905983,-0.06837606837606838,1.0,0.0
scientist_Darwin_into_Newton,9,0.8290598290598291,-0.05128205128205128,-0.042735042735042736,-0.03418803418803419,1.0,0.0
scientist_Darwin_into_Newton,10,0.8034188034188035,-0.05982905982905983,-0.042735042735042736,-0.008547008547008548,1.0,0.0
scientist_Darwin_into_Newton,11,0.7777777777777778,-0.05982905982905983,0.02564102564102564,0.03418803418803419,1.0,0.0
scientist_Darwin_into_Newton,12,0.7863247863247863,-0.06837606837606838,0.02564102564102564,0.03418803418803419,1.0,0.0
scientist_Darwin_into_Newton,13,0.7948717948717948,-0.05982905982905983,0.0,0.02564102564102564,1.0,0.0
scientist_Darwin_into_Newton,14,0.7521367521367521,-0.05982905982905983,0.017094017094017096,0.03418803418803419,1.0,0.0
scientist_Darwin_into_Newton,15,0.7521367521367521,-0.05128205128205128,0.008547008547008548,0.03418803418803419,1.0,0.0
scientist_Darwin_into_Newton,16,0.7521367521367521,-0.05128205128205128,0.008547008547008548,0.03418803418803419,1.0,0.0
scientist_Darwin_into_Newton,17,0.7435897435897436,-0.09401709401709402,0.008547008547008548,0.08547008547008547,1.0,0.0
scientist_Darwin_into_Newton,18,0.7435897435897436,-0.08547008547008547,0.008547008547008548,0.06837606837606838,1.0,0.0
scientist_Darwin_into_Newton,19,0.7264957264957265,-0.09401709401709402,0.0,0.05128205128205128,1.0,0.0
scientist_Darwin_into_Newton,20,0.7264957264957265,-0.09401709401709402,0.017094017094017096,0.07692307692307693,1.0,0.0
scientist_Darwin_into_Newton,21,0.7264957264957265,-0.08547008547008547,0.008547008547008548,0.06837606837606838,1.0,0.0
scientist_Darwin_into_Newton,22,0.7264957264957265,-0.05982905982905983,0.02564102564102564,0.06837606837606838,1.0,0.0
scientist_Darwin_into_Newton,23,0.6068376068376068,-0.06837606837606838,0.1623931623931624,0.1282051282051282,1.0,0.0
scientist_Darwin_into_Newton,24,0.4188034188034188,0.09401709401709402,0.4017094017094017,0.17094017094017094,1.0,0.0
scientist_Darwin_into_Newton,25,0.4017094017094017,0.10256410256410256,0.4188034188034188,0.1623931623931624,1.0,0.0
scientist_Darwin_into_Newton,26,0.23931623931623933,0.3333333333333333,0.5982905982905983,0.1794871794871795,1.0,0.0
scientist_Darwin_into_Newton,27,0.21367521367521367,0.46153846153846156,0.6752136752136753,0.1623931623931624,1.0,0.0
scientist_Darwin_into_Newton,28,0.23931623931623933,0.5128205128205128,0.7094017094017094,0.15384615384615385,1.0,0.0
scientist_Darwin_into_Newton,29,0.23076923076923078,0.6068376068376068,0.7692307692307693,0.11965811965811966,1.0,0.0
scientist_Darwin_into_Newton,30,0.20512820512820512,0.6752136752136753,0.7777777777777778,0.05128205128205128,1.0,0.0
scientist_Darwin_into_Newton,31,0.23076923076923078,0.7777777777777778,0.8717948717948718,0.042735042735042736,1.0,0.0
scientist_Darwin_into_Newton,32,0.23076923076923078,0.8205128205128205,0.8974358974358975,0.05128205128205128,1.0,0.0
scientist_Darwin_into_Newton,33,0.07692307692307693,0.811965811965812,0.8974358974358975,0.03418803418803419,1.0,0.0
scientist_Darwin_into_Newton,34,0.0,0.9316239316239316,0.9914529914529915,0.017094017094017096,1.0,0.0
scientist_Darwin_into_Newton,35,0.0,1.0,1.0,0.0,1.0,0.0
scientist_Einstein_into_Darwin,0,1.0192307692307692,0.0,0.0,0.0,1.0,0.0
scientist_Einstein_into_Darwin,1,1.0192307692307692,0.0,0.0,0.0,1.0,0.0
scientist_Einstein_into_Darwin,2,1.0288461538461537,0.0,0.009615384615384616,0.0,1.0,0.0
scientist_Einstein_into_Darwin,3,1.0769230769230769,0.0,0.019230769230769232,0.009615384615384616,1.0,0.0
scientist_Einstein_into_Darwin,4,1.0961538461538463,0.0,0.028846153846153848,0.028846153846153848,1.0,0.0
scientist_Einstein_into_Darwin,5,1.1346153846153846,0.009615384615384616,0.028846153846153848,0.019230769230769232,1.0,0.0
scientist_Einstein_into_Darwin,6,1.1346153846153846,0.009615384615384616,0.038461538461538464,0.038461538461538464,1.0,0.0
scientist_Einstein_into_Darwin,7,1.125,0.009615384615384616,0.038461538461538464,0.038461538461538464,1.0,0.0
scientist_Einstein_into_Darwin,8,1.1923076923076923,0.009615384615384616,0.038461538461538464,0.04807692307692308,1.0,0.0
scientist_Einstein_into_Darwin,9,1.1730769230769231,0.019230769230769232,0.09615384615384616,0.07692307692307693,1.0,0.0
scientist_Einstein_into_Darwin,10,1.2019230769230769,0.019230769230769232,0.11538461538461539,0.07692307692307693,1.0,0.0
scientist_Einstein_into_Darwin,11,1.1442307692307692,0.04807692307692308,0.15384615384615385,0.07692307692307693,1.0,0.0
scientist_Einstein_into_Darwin,12,1.1442307692307692,0.04807692307692308,0.15384615384615385,0.0673076923076923,1.0,0.0
scientist_Einstein_into_Darwin,13,1.1538461538461537,0.038461538461538464,0.15384615384615385,0.08653846153846154,1.0,0.0
scientist_Einstein_into_Darwin,14,1.1346153846153846,0.038461538461538464,0.16346153846153846,0.09615384615384616,1.0,0.0
scientist_Einstein_into_Darwin,15,1.1346153846153846,0.038461538461538464,0.17307692307692307,0.07692307692307693,1.0,0.0
scientist_Einstein_into_Darwin,16,1.125,0.04807692307692308,0.18269230769230768,0.07692307692307693,1.0,0.0
scientist_Einstein_into_Darwin,17,1.125,0.07692307692307693,0.18269230769230768,0.07692307692307693,1.0,0.0
scientist_Einstein_into_Darwin,18,1.1057692307692308,0.08653846153846154,0.20192307692307693,0.09615384615384616,1.0,0.0
scientist_Einstein_into_Darwin,19,1.1057692307692308,0.07692307692307693,0.19230769230769232,0.09615384615384616,1.0,0.0
scientist_Einstein_into_Darwin,20,1.0961538461538463,0.09615384615384616,0.20192307692307693,0.09615384615384616,1.0,0.0
scientist_Einstein_into_Darwin,21,1.0865384615384615,0.09615384615384616,0.22115384615384615,0.11538461538461539,1.0,0.0
scientist_Einstein_into_Darwin,22,1.0865384615384615,0.125,0.2403846153846154,0.11538461538461539,1.0,0.0
scientist_Einstein_into_Darwin,23,0.9903846153846154,0.2980769230769231,0.49038461538461536,0.20192307692307693,1.0,0.0
scientist_Einstein_into_Darwin,24,0.6634615384615384,0.5865384615384616,0.8076923076923077,0.25,1.0,0.0
scientist_Einstein_into_Darwin,25,0.6730769230769231,0.5769230769230769,0.8076923076923077,0.2403846153846154,1.0,0.0
scientist_Einstein_into_Darwin,26,0.40384615384615385,0.7211538461538461,0.9423076923076923,0.25961538461538464,1.0,0.0
scientist_Einstein_into_Darwin,27,0.2692307692307692,0.8076923076923077,0.9807692307692307,0.23076923076923078,1.0,0.0
scientist_Einstein_into_Darwin,28,0.28846153846153844,0.7980769230769231,0.9711538461538461,0.21153846153846154,1.0,0.0
scientist_Einstein_into_Darwin,29,0.23076923076923078,0.8076923076923077,0.9423076923076923,0.17307692307692307,1.0,0.0
scientist_Einstein_into_Darwin,30,0.22115384615384615,0.8942307692307693,0.9615384615384616,0.11538461538461539,1.0,0.0
scientist_Einstein_into_Darwin,31,0.1346153846153846,0.9038461538461539,0.9519230769230769,0.09615384615384616,1.0,0.0
scientist_Einstein_into_Darwin,32,0.08653846153846154,0.8557692307692307,0.9038461538461539,0.08653846153846154,1.0,0.0
scientist_Einstein_into_Darwin,33,0.07692307692307693,0.9134615384615384,0.9519230769230769,0.08653846153846154,1.0,0.0
scientist_Einstein_into_Darwin,34,0.009615384615384616,0.9615384615384616,1.0,0.0673076923076923,1.0,0.0
scientist_Einstein_into_Darwin,35,0.0,1.0,1.0,0.0,1.0,0.0
scientist_Einstein_into_Newton,0,1.0,0.0,0.029411764705882353,0.014705882352941176,1.0,0.0
scientist_Einstein_into_Newton,1,0.9852941176470589,0.0,0.014705882352941176,0.014705882352941176,1.0,0.0
scientist_Einstein_into_Newton,2,1.0,0.0,0.04411764705882353,0.04411764705882353,1.0,0.0
scientist_Einstein_into_Newton,3,1.0,0.0,0.014705882352941176,0.029411764705882353,1.0,0.0
scientist_Einstein_into_Newton,4,1.0,0.0,0.029411764705882353,0.04411764705882353,1.0,0.0
scientist_Einstein_into_Newton,5,1.0,0.014705882352941176,0.029411764705882353,0.029411764705882353,1.0,0.0
scientist_Einstein_into_Newton,6,1.0147058823529411,0.014705882352941176,0.08823529411764706,0.058823529411764705,1.0,0.0
scientist_Einstein_into_Newton,7,1.0147058823529411,0.014705882352941176,0.07352941176470588,0.04411764705882353,1.0,0.0
scientist_Einstein_into_Newton,8,1.0147058823529411,0.029411764705882353,0.07352941176470588,0.029411764705882353,1.0,0.0
scientist_Einstein_into_Newton,9,1.0735294117647058,0.04411764705882353,0.16176470588235295,0.11764705882352941,1.0,0.0
scientist_Einstein_into_Newton,10,1.0294117647058822,0.058823529411764705,0.17647058823529413,0.10294117647058823,1.0,0.0
scientist_Einstein_into_Newton,11,1.0294117647058822,0.10294117647058823,0.25,0.14705882352941177,1.0,0.0
scientist_Einstein_into_Newton,12,1.0147058823529411,0.08823529411764706,0.23529411764705882,0.1323529411764706,1.0,0.0
scientist_Einstein_into_Newton,13,1.0,0.10294117647058823,0.22058823529411764,0.1323529411764706,1.0,0.0
scientist_Einstein_into_Newton,14,0.9852941176470589,0.10294117647058823,0.22058823529411764,0.1323529411764706,1.0,0.0
scientist_Einstein_into_Newton,15,0.9852941176470589,0.10294117647058823,0.22058823529411764,0.1323529411764706,1.0,0.0
scientist_Einstein_into_Newton,16,1.0,0.11764705882352941,0.23529411764705882,0.11764705882352941,1.0,0.0
scientist_Einstein_into_Newton,17,0.9705882352941176,0.1323529411764706,0.23529411764705882,0.11764705882352941,1.0,0.0
scientist_Einstein_into_Newton,18,0.9558823529411765,0.14705882352941177,0.2647058823529412,0.10294117647058823,1.0,0.0
scientist_Einstein_into_Newton,19,0.9705882352941176,0.14705882352941177,0.25,0.10294117647058823,1.0,0.0
scientist_Einstein_into_Newton,20,0.9705882352941176,0.14705882352941177,0.2647058823529412,0.10294117647058823,1.0,0.0
scientist_Einstein_into_Newton,21,0.9558823529411765,0.19117647058823528,0.3235294117647059,0.11764705882352941,1.0,0.0
scientist_Einstein_into_Newton,22,0.9558823529411765,0.22058823529411764,0.3235294117647059,0.11764705882352941,1.0,0.0
scientist_Einstein_into_Newton,23,0.8676470588235294,0.38235294117647056,0.5588235294117647,0.14705882352941177,1.0,0.0
scientist_Einstein_into_Newton,24,0.4411764705882353,0.6323529411764706,0.8382352941176471,0.19117647058823528,1.0,0.0
scientist_Einstein_into_Newton,25,0.45588235294117646,0.6323529411764706,0.8529411764705882,0.17647058823529413,1.0,0.0
scientist_Einstein_into_Newton,26,0.20588235294117646,0.7794117647058824,1.0147058823529411,0.20588235294117646,1.0,0.0
scientist_Einstein_into_Newton,27,0.19117647058823528,0.8235294117647058,1.0441176470588236,0.17647058823529413,1.0,0.0
scientist_Einstein_into_Newton,28,0.19117647058823528,0.8529411764705882,1.0588235294117647,0.16176470588235295,1.0,0.0
scientist_Einstein_into_Newton,29,0.17647058823529413,0.8235294117647058,1.0,0.14705882352941177,1.0,0.0
scientist_Einstein_into_Newton,30,0.17647058823529413,0.8529411764705882,1.0147058823529411,0.08823529411764706,1.0,0.0
scientist_Einstein_into_Newton,31,0.14705882352941177,0.8970588235294118,0.9852941176470589,0.058823529411764705,1.0,0.0
scientist_Einstein_into_Newton,32,0.14705882352941177,0.8235294117647058,0.9117647058823529,0.058823529411764705,1.0,0.0
scientist_Einstein_into_Newton,33,0.1323529411764706,0.8382352941176471,0.9117647058823529,0.04411764705882353,1.0,0.0
scientist_Einstein_into_Newton,34,0.014705882352941176,0.9264705882352942,1.0,0.029411764705882353,1.0,0.0
scientist_Einstein_into_Newton,35,0.0,1.0,1.0,0.0,1.0,0.0
scientist_Newton_into_Darwin,0,1.0512820512820513,0.008547008547008548,0.09401709401709402,0.10256410256410256,1.0,0.0
scientist_Newton_into_Darwin,1,1.0341880341880343,0.0,0.10256410256410256,0.1111111111111111,1.0,0.0
scientist_Newton_into_Darwin,2,1.0341880341880343,0.0,0.10256410256410256,0.09401709401709402,1.0,0.0
scientist_Newton_into_Darwin,3,1.0341880341880343,0.017094017094017096,0.1111111111111111,0.09401709401709402,1.0,0.0
scientist_Newton_into_Darwin,4,1.0256410256410255,0.02564102564102564,0.10256410256410256,0.07692307692307693,1.0,0.0
scientist_Newton_into_Darwin,5,1.017094017094017,0.02564102564102564,0.1111111111111111,0.08547008547008547,1.0,0.0
scientist_Newton_into_Darwin,6,1.0427350427350428,0.03418803418803419,0.10256410256410256,0.07692307692307693,1.0,0.0
scientist_Newton_into_Darwin,7,1.0427350427350428,0.03418803418803419,0.10256410256410256,0.07692307692307693,1.0,0.0
scientist_Newton_into_Darwin,8,1.0598290598290598,0.02564102564102564,0.1111111111111111,0.06837606837606838,1.0,0.0
scientist_Newton_into_Darwin,9,1.0427350427350428,0.03418803418803419,0.17094017094017094,0.10256410256410256,1.0,0.0
scientist_Newton_into_Darwin,10,1.0427350427350428,0.05128205128205128,0.19658119658119658,0.13675213675213677,1.0,0.0
scientist_Newton_into_Darwin,11,0.9743589743589743,0.07692307692307693,0.2222222222222222,0.1111111111111111,1.0,0.0
scientist_Newton_into_Darwin,12,0.9743589743589743,0.06837606837606838,0.21367521367521367,0.09401709401709402,1.0,0.0
scientist_Newton_into_Darwin,13,1.0,0.06837606837606838,0.20512820512820512,0.1111111111111111,1.0,0.0
scientist_Newton_into_Darwin,14,0.9829059829059829,0.06837606837606838,0.24786324786324787,0.13675213675213677,1.0,0.0
scientist_Newton_into_Darwin,15,0.9914529914529915,0.07692307692307693,0.24786324786324787,0.13675213675213677,1.0,0.0
scientist_Newton_into_Darwin,16,0.9914529914529915,0.07692307692307693,0.24786324786324787,0.1452991452991453,1.0,0.0
scientist_Newton_into_Darwin,17,0.9914529914529915,0.1111111111111111,0.2564102564102564,0.1111111111111111,1.0,0.0
scientist_Newton_into_Darwin,18,0.9914529914529915,0.09401709401709402,0.2564102564102564,0.1282051282051282,1.0,0.0
scientist_Newton_into_Darwin,19,1.0,0.08547008547008547,0.27350427350427353,0.1452991452991453,1.0,0.0
scientist_Newton_into_Darwin,20,0.9829059829059829,0.10256410256410256,0.27350427350427353,0.1452991452991453,1.0,0.0
scientist_Newton_into_Darwin,21,0.9914529914529915,0.1111111111111111,0.27350427350427353,0.15384615384615385,1.0,0.0
scientist_Newton_into_Darwin,22,0.9743589743589743,0.1111111111111111,0.27350427350427353,0.15384615384615385,1.0,0.0
scientist_Newton_into_Darwin,23,0.8376068376068376,0.19658119658119658,0.39316239316239315,0.2222222222222222,1.0,0.0
scientist_Newton_into_Darwin,24,0.5982905982905983,0.41025641025641024,0.5811965811965812,0.2564102564102564,1.0,0.0
scientist_Newton_into_Darwin,25,0.5811965811965812,0.42735042735042733,0.5982905982905983,0.2564102564102564,1.0,0.0
scientist_Newton_into_Darwin,26,0.4017094017094017,0.6153846153846154,0.7606837606837606,0.24786324786324787,1.0,0.0
scientist_Newton_into_Darwin,27,0.3247863247863248,0.6581196581196581,0.7863247863247863,0.21367521367521367,1.0,0.0
scientist_Newton_into_Darwin,28,0.2905982905982906,0.6495726495726496,0.7606837606837606,0.18803418803418803,1.0,0.0
scientist_Newton_into_Darwin,29,0.23076923076923078,0.6923076923076923,0.7692307692307693,0.15384615384615385,1.0,0.0
scientist_Newton_into_Darwin,30,0.2222222222222222,0.7606837606837606,0.7948717948717948,0.1111111111111111,1.0,0.0
scientist_Newton_into_Darwin,31,0.1282051282051282,0.7435897435897436,0.7692307692307693,0.08547008547008547,1.0,0.0
scientist_Newton_into_Darwin,32,0.10256410256410256,0.7606837606837606,0.7692307692307693,0.06837606837606838,1.0,0.0
scientist_Newton_into_Darwin,33,0.10256410256410256,0.8888888888888888,0.9230769230769231,0.08547008547008547,1.0,0.0
scientist_Newton_into_Darwin,34,0.008547008547008548,0.9829059829059829,1.0,0.06837606837606838,1.0,0.0
scientist_Newton_into_Darwin,35,0.0,1.0,1.0,0.0,1.0,0.0
scientist_Newton_into_Einstein,0,0.9705882352941176,0.0,0.0,0.0,1.0,0.0
scientist_Newton_into_Einstein,1,0.9852941176470589,0.0,0.014705882352941176,0.0,1.0,0.0
scientist_Newton_into_Einstein,2,0.9558823529411765,0.0,0.0,0.0,1.0,0.0
scientist_Newton_into_Einstein,3,0.9852941176470589,0.0,0.0,0.0,1.0,0.0
scientist_Newton_into_Einstein,4,0.9705882352941176,0.0,0.0,0.0,1.0,0.0
scientist_Newton_into_Einstein,5,0.9705882352941176,0.014705882352941176,0.0,0.0,1.0,0.0
scientist_Newton_into_Einstein,6,0.9117647058823529,0.014705882352941176,-0.014705882352941176,0.0,1.0,0.0
scientist_Newton_into_Einstein,7,0.9264705882352942,-0.014705882352941176,-0.014705882352941176,0.0,1.0,0.0
scientist_Newton_into_Einstein,8,0.9264705882352942,0.0,-0.014705882352941176,0.0,1.0,0.0
scientist_Newton_into_Einstein,9,0.8382352941176471,-0.014705882352941176,-0.07352941176470588,-0.04411764705882353,1.0,0.0
scientist_Newton_into_Einstein,10,0.8235294117647058,-0.029411764705882353,-0.029411764705882353,-0.014705882352941176,1.0,0.0
scientist_Newton_into_Einstein,11,0.75,-0.07352941176470588,-0.029411764705882353,0.0,1.0,0.0
scientist_Newton_into_Einstein,12,0.7647058823529411,-0.04411764705882353,-0.014705882352941176,-0.014705882352941176,1.0,0.0
scientist_Newton_into_Einstein,13,0.7794117647058824,-0.04411764705882353,0.0,0.0,1.0,0.0
scientist_Newton_into_Einstein,14,0.7794117647058824,-0.04411764705882353,0.014705882352941176,0.029411764705882353,1.0,0.0
scientist_Newton_into_Einstein,15,0.7794117647058824,-0.058823529411764705,0.014705882352941176,0.029411764705882353,1.0,0.0
scientist_Newton_into_Einstein,16,0.7647058823529411,-0.07352941176470588,0.0,0.029411764705882353,1.0,0.0
scientist_Newton_into_Einstein,17,0.7647058823529411,-0.07352941176470588,0.029411764705882353,0.029411764705882353,1.0,0.0
scientist_Newton_into_Einstein,18,0.7352941176470589,-0.10294117647058823,0.04411764705882353,0.058823529411764705,1.0,0.0
scientist_Newton_into_Einstein,19,0.75,-0.10294117647058823,0.029411764705882353,0.07352941176470588,1.0,0.0
scientist_Newton_into_Einstein,20,0.7352941176470589,-0.08823529411764706,0.029411764705882353,0.07352941176470588,1.0,0.0
scientist_Newton_into_Einstein,21,0.6764705882352942,-0.058823529411764705,0.04411764705882353,0.07352941176470588,1.0,0.0
scientist_Newton_into_Einstein,22,0.6764705882352942,-0.058823529411764705,0.04411764705882353,0.08823529411764706,1.0,0.0
scientist_Newton_into_Einstein,23,0.4411764705882353,-0.014705882352941176,0.1323529411764706,0.11764705882352941,1.0,0.0
scientist_Newton_into_Einstein,24,0.16176470588235295,0.35294117647058826,0.5588235294117647,0.19117647058823528,1.0,0.0
scientist_Newton_into_Einstein,25,0.14705882352941177,0.35294117647058826,0.5441176470588235,0.17647058823529413,1.0,0.0
scientist_Newton_into_Einstein,26,-0.014705882352941176,0.6764705882352942,0.7941176470588235,0.22058823529411764,1.0,0.0
scientist_Newton_into_Einstein,27,-0.04411764705882353,0.7205882352941176,0.8088235294117647,0.20588235294117646,1.0,0.0
scientist_Newton_into_Einstein,28,-0.058823529411764705,0.7205882352941176,0.8088235294117647,0.19117647058823528,1.0,0.0
scientist_Newton_into_Einstein,29,0.0,0.75,0.8235294117647058,0.17647058823529413,1.0,0.0
scientist_Newton_into_Einstein,30,-0.014705882352941176,0.7941176470588235,0.8235294117647058,0.14705882352941177,1.0,0.0
scientist_Newton_into_Einstein,31,0.014705882352941176,0.8088235294117647,0.8529411764705882,0.07352941176470588,1.0,0.0
scientist_Newton_into_Einstein,32,0.08823529411764706,0.8088235294117647,0.8529411764705882,0.07352941176470588,1.0,0.0
scientist_Newton_into_Einstein,33,0.08823529411764706,0.8235294117647058,0.8676470588235294,0.07352941176470588,1.0,0.0
scientist_Newton_into_Einstein,34,0.0,0.9705882352941176,0.9852941176470589,0.07352941176470588,1.0,0.0
scientist_Newton_into_Einstein,35,0.0,1.0,1.0,0.0,1.0,0.0
writer_Dickens_into_Shakespeare,0,1.015625,-0.015625,-0.015625,-0.015625,1.0,0.0
writer_Dickens_into_Shakespeare,1,1.015625,0.0,-0.03125,-0.015625,1.0,0.0
writer_Dickens_into_Shakespeare,2,1.03125,-0.015625,0.0,0.0,1.0,0.0
writer_Dickens_into_Shakespeare,3,1.015625,0.0,0.0,-0.015625,1.0,0.0
writer_Dickens_into_Shakespeare,4,1.015625,-0.015625,0.0,0.0,1.0,0.0
writer_Dickens_into_Shakespeare,5,1.0625,0.0,0.015625,0.015625,1.0,0.0
writer_Dickens_into_Shakespeare,6,1.03125,0.015625,0.015625,0.0,1.0,0.0
writer_Dickens_into_Shakespeare,7,1.015625,0.015625,0.03125,0.0,1.0,0.0
writer_Dickens_into_Shakespeare,8,1.03125,0.015625,0.03125,-0.015625,1.0,0.0
writer_Dickens_into_Shakespeare,9,0.984375,0.015625,0.03125,0.0,1.0,0.0
writer_Dickens_into_Shakespeare,10,0.96875,0.015625,0.03125,0.015625,1.0,0.0
writer_Dickens_into_Shakespeare,11,1.0,0.03125,0.0625,0.015625,1.0,0.0
writer_Dickens_into_Shakespeare,12,1.0,0.015625,0.0625,0.046875,1.0,0.0
writer_Dickens_into_Shakespeare,13,1.0,0.015625,0.078125,0.03125,1.0,0.0
writer_Dickens_into_Shakespeare,14,0.984375,0.03125,0.09375,0.03125,1.0,0.0
writer_Dickens_into_Shakespeare,15,0.96875,0.015625,0.078125,0.046875,1.0,0.0
writer_Dickens_into_Shakespeare,16,0.953125,0.03125,0.09375,0.046875,1.0,0.0
writer_Dickens_into_Shakespeare,17,0.9375,0.03125,0.078125,0.046875,1.0,0.0
writer_Dickens_into_Shakespeare,18,0.9375,0.046875,0.09375,0.03125,1.0,0.0
writer_Dickens_into_Shakespeare,19,0.921875,0.046875,0.109375,0.03125,1.0,0.0
writer_Dickens_into_Shakespeare,20,0.921875,0.0625,0.109375,0.046875,1.0,0.0
writer_Dickens_into_Shakespeare,21,0.890625,0.046875,0.125,0.03125,1.0,0.0
writer_Dickens_into_Shakespeare,22,0.890625,0.046875,0.125,0.0625,1.0,0.0
writer_Dickens_into_Shakespeare,23,0.703125,0.125,0.28125,0.109375,1.0,0.0
writer_Dickens_into_Shakespeare,24,0.375,0.3125,0.53125,0.171875,1.0,0.0
writer_Dickens_into_Shakespeare,25,0.359375,0.328125,0.546875,0.171875,1.0,0.0
writer_Dickens_into_Shakespeare,26,0.046875,0.484375,0.78125,0.234375,1.0,0.0
writer_Dickens_into_Shakespeare,27,0.0,0.5625,0.828125,0.203125,1.0,0.0
writer_Dickens_into_Shakespeare,28,0.015625,0.546875,0.8125,0.203125,1.0,0.0
writer_Dickens_into_Shakespeare,29,0.078125,0.609375,0.828125,0.171875,1.0,0.0
writer_Dickens_into_Shakespeare,30,0.046875,0.703125,0.859375,0.125,1.0,0.0
writer_Dickens_into_Shakespeare,31,0.015625,0.796875,0.90625,0.09375,1.0,0.0
writer_Dickens_into_Shakespeare,32,0.03125,0.796875,0.90625,0.09375,1.0,0.0
writer_Dickens_into_Shakespeare,33,0.0625,0.8125,0.921875,0.078125,1.0,0.0
writer_Dickens_into_Shakespeare,34,-0.015625,0.9375,1.0,0.0625,1.0,0.0
writer_Dickens_into_Shakespeare,35,0.0,1.0,1.0,0.0,1.0,0.0
writer_Shakespeare_into_Dickens,0,1.015625,0.015625,-0.015625,-0.015625,1.0,0.0
writer_Shakespeare_into_Dickens,1,1.03125,0.0,-0.015625,0.0,1.0,0.0
writer_Shakespeare_into_Dickens,2,1.0,0.015625,-0.03125,-0.046875,1.0,0.0
writer_Shakespeare_into_Dickens,3,1.0,0.015625,-0.015625,-0.046875,1.0,0.0
writer_Shakespeare_into_Dickens,4,1.0,0.0,-0.015625,-0.015625,1.0,0.0
writer_Shakespeare_into_Dickens,5,0.984375,0.0,-0.0625,-0.046875,1.0,0.0
writer_Shakespeare_into_Dickens,6,0.984375,-0.015625,-0.03125,0.015625,1.0,0.0
writer_Shakespeare_into_Dickens,7,0.96875,-0.0625,-0.015625,0.03125,1.0,0.0
writer_Shakespeare_into_Dickens,8,0.96875,-0.0625,-0.03125,0.03125,1.0,0.0
writer_Shakespeare_into_Dickens,9,0.96875,-0.046875,0.015625,0.078125,1.0,0.0
writer_Shakespeare_into_Dickens,10,0.96875,-0.03125,0.03125,0.0625,1.0,0.0
writer_Shakespeare_into_Dickens,11,0.9375,-0.03125,0.0,0.046875,1.0,0.0
writer_Shakespeare_into_Dickens,12,0.9375,-0.015625,0.0,0.03125,1.0,0.0
writer_Shakespeare_into_Dickens,13,0.921875,-0.03125,0.0,0.0625,1.0,0.0
writer_Shakespeare_into_Dickens,14,0.90625,-0.03125,0.015625,0.078125,1.0,0.0
writer_Shakespeare_into_Dickens,15,0.921875,-0.03125,0.03125,0.078125,1.0,0.0
writer_Shakespeare_into_Dickens,16,0.90625,-0.03125,0.046875,0.078125,1.0,0.0
writer_Shakespeare_into_Dickens,17,0.921875,-0.03125,0.0625,0.09375,1.0,0.0
writer_Shakespeare_into_Dickens,18,0.90625,-0.046875,0.0625,0.109375,1.0,0.0
writer_Shakespeare_into_Dickens,19,0.890625,-0.046875,0.078125,0.109375,1.0,0.0
writer_Shakespeare_into_Dickens,20,0.890625,-0.0625,0.078125,0.109375,1.0,0.0
writer_Shakespeare_into_Dickens,21,0.875,-0.03125,0.109375,0.109375,1.0,0.0
writer_Shakespeare_into_Dickens,22,0.875,0.0,0.109375,0.109375,1.0,0.0
writer_Shakespeare_into_Dickens,23,0.71875,0.109375,0.296875,0.1875,1.0,0.0
writer_Shakespeare_into_Dickens,24,0.46875,0.328125,0.625,0.265625,1.0,0.0
writer_Shakespeare_into_Dickens,25,0.453125,0.34375,0.640625,0.265625,1.0,0.0
writer_Shakespeare_into_Dickens,26,0.21875,0.65625,0.953125,0.328125,1.0,0.0
writer_Shakespeare_into_Dickens,27,0.171875,0.71875,1.0,0.3125,1.0,0.0
writer_Shakespeare_into_Dickens,28,0.1875,0.71875,0.984375,0.3125,1.0,0.0
writer_Shakespeare_into_Dickens,29,0.171875,0.71875,0.921875,0.234375,1.0,0.0
writer_Shakespeare_into_Dickens,30,0.140625,0.8125,0.953125,0.1875,1.0,0.0
writer_Shakespeare_into_Dickens,31,0.09375,0.875,0.984375,0.140625,1.0,0.0
writer_Shakespeare_into_Dickens,32,0.09375,0.875,0.96875,0.125,1.0,0.0
writer_Shakespeare_into_Dickens,33,0.078125,0.859375,0.9375,0.109375,1.0,0.0
writer_Shakespeare_into_Dickens,34,0.0,0.953125,1.015625,0.0625,1.0,0.0
writer_Shakespeare_into_Dickens,35,0.0,1.0,1.0,0.0,1.0,0.0
